;Codigo_do_fundo;Setor;Preco_Atual;Liquidez_Diaria;Dividendo;DividendYield;DY_(3M)Acumulado;DY_(6M)Acumulado;DY_(12M)Acumulado;DY_(3M)Média;DY_(6M)Média;DY_(12M)Média;DY_Ano;Variacao_Preco;Rentab.Período;Rentab.Acumulada;PatrimônioLíq.;VPA;P_VPA;DYPatrimonial;Variacao_Patrimonial;Rentab._Patr.no_Periodo;Rentab._Patr.Acumulada;Vacancia_Fisica;VacanciaFinanceira;QuantidadeAtivos
0;FIVN11;Shoppings;R$ 3,23;1850.0;R$ 0,00;0,00%;0,00%;0,00%;0,00%;0,00%;0,00%;0,00%;;0,00%;0,00%;0,00%;R$ 65.491.905,42;R$ 6,96;46.0;;;;;56,00%;;1
1;BZLI11;Títulos e Val. Mob.;R$ 17,00;1.0;R$ 0,00;0,00%;0,00%;0,00%;0,00%;0,00%;0,00%;0,00%;0,00%;0,68%;0,68%;1,14%;R$ 440.205.505,76;R$ 10,78;158.0;;;;;;;0
2;XTED11;Lajes Corporativas;R$ 7,25;1088.0;R$ 0,00;0,00%;0,00%;0,00%;0,00%;0,00%;0,00%;0,00%;0,00%;1,10%;1,10%;-37,83%;R$ 27.085.416,91;R$ 13,78;53.0;;;;;0,00%;100,00%;1
3;ALMI11;Lajes Corporativas;R$ 910,00;18.0;R$ 0,00;0,00%;0,00%;0,00%;0,00%;0,00%;0,00%;0,00%;0,00%;2,27%;2,27%;-28,29%;R$ 250.158.727,48;R$ 2.250,09;40.0;;;;;64,05%;;1
4;PABY11;Híbrido;R$ 7,30;4.0;R$ 0,00;0,00%;0,00%;0,00%;0,00%;0,00%;0,00%;0,00%;0,00%;-19,84%;-19,84%;-31,62%;R$ -10.950.151,50;R$ -14,44;-51.0;;;;;;;1
5;ORPD11;Títulos e Val. Mob.;R$ 93,00;3.0;R$ 1,38;;;;;;;;;;;;R$ 43.238.325,61;R$ 149,10;62.0;;;;;;;0
6;FISC11;Lajes Corporativas;R$ 165,00;200.0;R$ 0,22;0,00%;0,00%;0,00%;0,00%;0,00%;0,00%;0,00%;;0,00%;0,00%;0,00%;R$ 196.478.286,31;R$ 115,58;143.0;;;;;;;0
7;ATSA11;Shoppings;R$ 80,03;42.0;R$ 0,25;0,18%;0,59%;1,30%;2,97%;0,20%;0,22%;0,25%;0,37%;0,74%;0,92%;1,10%;R$ 157.775.604,53;R$ 90,10;89.0;0,06%;0,19%;0,24%;0,24%;21,90%;;1
8;HTMX11;Hotel;R$ 116,69;1959.0;R$ 0,00;0,00%;0,80%;2,20%;5,41%;0,27%;0,37%;0,45%;0,80%;-28,14%;-28,14%;-32,26%;R$ 164.192.001,82;R$ 130,62;89.0;;;;;65,00%;;23
9;GSFI11;Shoppings;R$ 4,75;2642.0;R$ 0,00;0,03%;0,03%;0,03%;0,03%;0,01%;0,00%;0,00%;0,03%;0,00%;0,03%;0,03%;R$ 1.008.886.224,64;R$ 13,42;35.0;;;;;10,30%;;10
10;NEWU11;Lajes Corporativas;R$ 35,21;38.0;R$ 0,00;0,00%;0,00%;0,56%;16,63%;0,00%;0,09%;1,39%;0,61%;-4,04%;-4,04%;-31,62%;R$ 48.123.818,78;R$ 64,86;54.0;;;;;63,20%;;3
11;PRSV11;Lajes Corporativas;R$ 122,00;626.0;R$ 1,62;0,42%;1,53%;2,91%;5,95%;0,51%;0,48%;0,50%;4,46%;5,30%;5,74%;-11,25%;R$ 47.622.008,57;R$ 244,22;50.0;;;;;40,90%;;2
12;FAMB11B;Lajes Corporativas;R$ 784,00;4.0;R$ 9,16;0,56%;2,17%;4,78%;10,43%;0,72%;0,80%;0,87%;8,82%;-47,80%;-47,51%;-47,80%;R$ 320.093.073,43;R$ 3.054,32;26.0;;;;;100,00%;;1
13;FMOF11;Lajes Corporativas;R$ 64,99;3.0;R$ 0,64;;;;;;;;;;;;R$ 62.339.721,97;R$ 122,71;53.0;;;;;52,08%;;1
14;HGRS11;Residencial;;;R$ 0,00;0,00%;0,00%;0,00%;0,00%;0,00%;0,00%;0,00%;;0,00%;0,00%;0,00%;R$ 151.283.672,82;R$ 101,33;;;;;;;;0
15;KNRE11;Residencial;R$ 0,99;1813.0;R$ 0,00;0,00%;0,00%;0,00%;0,00%;0,00%;0,00%;0,00%;0,00%;0,00%;0,00%;0,00%;R$ 21.412.067,51;R$ 1,15;86.0;;;;;;;0
16;RBDS11;Residencial;R$ 3,50;329.0;R$ 0,00;0,00%;0,00%;0,00%;0,00%;0,00%;0,00%;0,00%;0,00%;0,00%;0,00%;0,00%;R$ 2.605.642,65;R$ 20,59;17.0;;;;;;;0
17;WTSP11B;Híbrido;R$ 36,71;60.0;R$ 0,32;0,76%;2,57%;4,67%;6,85%;0,86%;0,78%;0,57%;0,76%;0,00%;0,76%;0,76%;R$ 82.488.951,36;R$ 83,11;44.0;;;;;;;0
18;OULG11;Outros;R$ 47,00;1260.0;R$ 0,17;0,38%;1,14%;3,40%;8,03%;0,38%;0,57%;0,67%;1,50%;3,09%;3,48%;-3,91%;R$ 180.805.973,24;R$ 72,87;65.0;;;;;0,00%;;2
19;VXXV11;Outros;R$ 923,00;8830.0;R$ 10,76;;;;;;;;;;;;R$ 231.483.050,85;R$ 876,17;105.0;;;;;;;0
20;BICE11;Títulos e Val. Mob.;R$ 950,00;240.0;R$ 5,40;0,00%;0,00%;0,00%;0,00%;0,00%;0,00%;0,00%;;0,00%;0,00%;0,00%;R$ 20.682.601,39;R$ 981,57;97.0;1,63%;-0,68%;0,93%;1,54%;;;0
21;HRDF11;Híbrido;R$ 1,03;332.0;R$ 6,80;;;;;;;;;;;;R$ 8.722.671,42;R$ 1,15;90.0;;;;;;;0
22;CJCT11;Lajes Corporativas;R$ 83,00;15.0;R$ 0,00;;;;;;;;;;;;R$ 231.360.831,28;R$ 80,61;103.0;;;;;59,00%;;1
23;LFTT11;Residencial;R$ 87,90;1.0;R$ 0,75;;;;;;;;;;;;R$ 394.603.196,49;R$ 53,29;165.0;;;;;;;0
24;HCRI11;Hospital;R$ 228,00;164.0;R$ 2,49;0,88%;2,36%;4,77%;9,33%;0,79%;0,80%;0,78%;1,62%;-18,08%;-17,35%;-16,74%;R$ 59.962.597,07;R$ 299,81;76.0;;;;;0,00%;;1
25;DRIT11B;Lajes Corporativas;R$ 95,60;5.0;R$ 0,33;0,28%;0,80%;0,00%;0,00%;0,27%;0,00%;0,00%;1,28%;5,78%;6,07%;-7,42%;R$ 58.337.901,67;R$ 125,92;76.0;0,53%;0,46%;1,00%;1,00%;10,47%;;6
26;CTXT11;Lajes Corporativas;R$ 12,21;45.0;R$ 0,09;0,39%;0,78%;1,36%;5,53%;0,26%;0,23%;0,46%;1,36%;-2,58%;-2,20%;-39,31%;R$ 115.874.720,49;R$ 39,92;31.0;;;;;97,00%;;1
27;GESE11B;Outros;R$ 1.520,00;300.0;R$ 12,60;0,00%;0,00%;0,00%;0,00%;0,00%;0,00%;0,00%;;0,00%;0,00%;0,00%;R$ 86.540.717,02;R$ 1.664,24;91.0;;;;;;;0
28;SRVD11;Títulos e Val. Mob.;R$ 7,50;1.0;R$ 0,10;1,01%;0,00%;0,00%;0,00%;0,00%;0,00%;0,00%;1,01%;0,00%;1,01%;1,01%;R$ 71.653.252,73;R$ 0,74;1008.0;;;;;;;0
29;RBIR11;Residencial;R$ 68,21;40.0;R$ 0,00;0,00%;0,00%;0,00%;0,00%;0,00%;0,00%;0,00%;0,00%;0,00%;0,00%;0,00%;R$ 146.773.544,10;R$ 96,02;71.0;;;;;;;0
30;CARE11;Híbrido;R$ 3,99;6391.0;R$ 0,00;0,23%;0,66%;1,36%;1,60%;0,22%;0,23%;0,13%;1,36%;-2,63%;-2,41%;5,65%;R$ 292.218.917,16;R$ 8,17;49.0;;;;;;;0
31;VJFD11;Híbrido;;;R$ 0,86;0,00%;0,00%;0,00%;0,00%;0,00%;0,00%;0,00%;;0,00%;0,00%;0,00%;R$ 646.971.334,45;R$ 132,68;;;;;;;;0
32;RBGS11;Shoppings;R$ 28,45;5157.0;R$ 0,18;0,62%;1,59%;2,73%;5,12%;0,53%;0,46%;0,43%;5,12%;-1,90%;-1,29%;-28,71%;R$ 97.865.283,71;R$ 90,78;31.0;0,18%;0,00%;0,18%;1,17%;13,00%;;1
33;BPML11;Shoppings;R$ 64,25;8700.0;R$ 0,15;0,23%;0,95%;2,59%;0,00%;0,32%;0,43%;0,00%;1,49%;-7,36%;-7,14%;1,82%;R$ 536.943.743,35;R$ 124,72;52.0;0,24%;-0,74%;-0,50%;-0,02%;5,80%;;7
34;TORD11;Outros;R$ 8,10;88584.0;R$ 0,17;1,94%;3,98%;6,33%;12,27%;1,33%;1,06%;1,02%;6,33%;-6,41%;-4,59%;-3,33%;R$ 496.263.415,26;R$ 14,16;57.0;0,57%;0,34%;0,90%;11,73%;;;0
35;IBFF11;Títulos e Val. Mob.;R$ 66,40;1924.0;R$ 0,30;0,44%;2,01%;4,58%;9,52%;0,67%;0,76%;0,79%;5,42%;7,50%;7,98%;19,59%;R$ 48.361.846,89;R$ 72,54;92.0;0,69%;-1,95%;-1,28%;-0,61%;;;0
36;OUJP11;Títulos e Val. Mob.;R$ 96,54;4632.0;R$ 1,25;1,31%;4,26%;8,50%;15,38%;1,42%;1,42%;1,28%;11,10%;0,86%;2,18%;16,37%;R$ 328.495.960,72;R$ 101,00;96.0;1,24%;0,26%;1,50%;10,76%;;;0
37;YUFI11B;Residencial;;;R$ 0,63;0,00%;0,00%;0,00%;0,00%;0,00%;0,00%;0,00%;;0,00%;0,00%;0,00%;R$ 41.701.052,98;R$ 105,53;;0,60%;-0,01%;0,59%;6,32%;;;0
38;KNRI11;Híbrido;R$ 152,80;14531.0;R$ 0,91;0,59%;1,90%;3,74%;7,27%;0,63%;0,62%;0,61%;4,96%;13,18%;13,85%;22,12%;R$ 3.862.303.758,54;R$ 159,88;96.0;0,57%;0,06%;0,63%;5,88%;2,00%;6,72%;20
39;MGCR11;Títulos e Val. Mob.;R$ 89,79;4554.0;R$ 1,35;1,57%;4,35%;7,99%;14,12%;1,45%;1,33%;1,18%;9,12%;0,30%;1,88%;6,84%;R$ 129.620.889,28;R$ 91,13;99.0;;;;;;;0
40;NAVT11;Títulos e Val. Mob.;R$ 76,93;2188.0;R$ 0,85;1,15%;3,50%;6,84%;11,97%;1,17%;1,14%;1,00%;7,87%;2,37%;3,56%;9,56%;R$ 97.716.626,71;R$ 92,67;83.0;;;;;;;0
41;CORM11;Híbrido;R$ 81,00;412.0;R$ 0,77;0,90%;2,76%;5,35%;11,38%;0,92%;0,89%;0,95%;6,20%;-2,97%;-2,10%;-4,27%;R$ 92.123.992,72;R$ 90,56;89.0;0,89%;-2,33%;-1,45%;0,21%;;;0
42;RZAK11;Títulos e Val. Mob.;R$ 101,75;12638.0;R$ 1,50;1,52%;5,03%;9,47%;16,17%;1,68%;1,58%;1,35%;10,83%;0,23%;1,75%;15,59%;R$ 323.459.849,34;R$ 95,05;107.0;;;;;;;0
43;BLMC11;Outros;R$ 84,50;189.0;R$ 1,17;1,37%;3,98%;7,52%;13,98%;1,33%;1,25%;1,16%;8,64%;-1,71%;-0,37%;-5,14%;R$ 39.132.486,17;R$ 97,95;86.0;;;;;;;0
44;MATV11;Títulos e Val. Mob.;R$ 94,00;669.0;R$ 1,10;1,13%;3,80%;7,58%;0,00%;1,27%;1,26%;0,00%;8,71%;-2,67%;-1,57%;7,94%;R$ 33.257.502,10;R$ 95,77;98.0;1,36%;-1,92%;-0,59%;0,53%;;;0
45;BTLG11;Logística;R$ 103,00;36726.0;R$ 0,74;0,73%;2,27%;4,37%;8,50%;0,76%;0,73%;0,71%;5,07%;3,89%;4,64%;4,61%;R$ 1.504.876.179,16;R$ 98,82;104.0;0,73%;-0,22%;0,51%;1,24%;;2,00%;16
46;ERCR11;Híbrido;R$ 89,10;177.0;R$ 783,96;0,00%;0,00%;0,00%;0,00%;0,00%;0,00%;0,00%;;0,00%;0,00%;0,00%;R$ 165.915.282,64;R$ 69.829,66;0.0;1,12%;-0,10%;1,02%;3,32%;;;0
47;ERCR11;Híbrido;R$ 89,20;4779.0;R$ 783,96;0,00%;0,00%;0,00%;0,00%;0,00%;0,00%;0,00%;;0,00%;0,00%;0,00%;R$ 165.915.282,64;R$ 69.829,66;0.0;1,12%;-0,10%;1,02%;3,32%;;;0
48;ERCR11;Híbrido;R$ 88,55;2738.0;R$ 783,96;0,00%;0,00%;0,00%;0,00%;0,00%;0,00%;0,00%;;0,00%;0,00%;0,00%;R$ 165.915.282,64;R$ 69.829,66;0.0;1,12%;-0,10%;1,02%;3,32%;;;0
49;ERCR11;Híbrido;R$ 89,31;2315.0;R$ 783,96;0,00%;0,00%;0,00%;0,00%;0,00%;0,00%;0,00%;;0,00%;0,00%;0,00%;R$ 165.915.282,64;R$ 69.829,66;0.0;1,12%;-0,10%;1,02%;3,32%;;;0
50;ERCR11;Híbrido;R$ 88,83;6123.0;R$ 783,96;0,00%;0,00%;0,00%;0,00%;0,00%;0,00%;0,00%;;0,00%;0,00%;0,00%;R$ 165.915.282,64;R$ 69.829,66;0.0;1,12%;-0,10%;1,02%;3,32%;;;0
51;ERCR11;Híbrido;R$ 88,66;2350.0;R$ 783,96;0,00%;0,00%;0,00%;0,00%;0,00%;0,00%;0,00%;;0,00%;0,00%;0,00%;R$ 165.915.282,64;R$ 69.829,66;0.0;1,12%;-0,10%;1,02%;3,32%;;;0
52;ERCR11;Híbrido;R$ 88,30;9724.0;R$ 783,96;0,00%;0,00%;0,00%;0,00%;0,00%;0,00%;0,00%;;0,00%;0,00%;0,00%;R$ 165.915.282,64;R$ 69.829,66;0.0;1,12%;-0,10%;1,02%;3,32%;;;0
53;ERCR11;Híbrido;R$ 88,24;3488.0;R$ 783,96;0,00%;0,00%;0,00%;0,00%;0,00%;0,00%;0,00%;;0,00%;0,00%;0,00%;R$ 165.915.282,64;R$ 69.829,66;0.0;1,12%;-0,10%;1,02%;3,32%;;;0
54;FLRP11;Shoppings;R$ 1.588,98;555.0;R$ 10,00;0,63%;2,33%;4,70%;8,08%;0,78%;0,78%;0,67%;5,37%;5,48%;6,14%;38,89%;R$ 112.693.577,60;R$ 1.727,58;92.0;0,58%;0,48%;1,06%;3,30%;2,01%;;1
55;BTRA11;Outros;R$ 85,05;2911.0;R$ 0,70;0,74%;2,46%;5,21%;10,20%;0,82%;0,87%;0,85%;6,12%;17,36%;18,23%;2,45%;R$ 350.107.569,75;R$ 104,06;82.0;;;;;;;0
56;LASC11;Shoppings;R$ 92,00;639.0;R$ 0,36;0,39%;1,46%;3,26%;6,79%;0,49%;0,54%;0,57%;4,48%;0,00%;0,39%;6,89%;R$ 284.506.676,14;R$ 112,98;81.0;0,32%;0,80%;1,12%;3,07%;2,40%;;3
57;EVBI11;Híbrido;R$ 101,00;468.0;R$ 0,75;0,76%;2,28%;4,64%;9,20%;0,76%;0,77%;0,77%;5,45%;1,11%;1,88%;12,36%;R$ 139.909.108,47;R$ 100,09;101.0;;;;;0,00%;;4
58;VVPR11;Híbrido;R$ 101,50;2211.0;R$ 0,73;0,73%;2,41%;4,84%;9,58%;0,80%;0,81%;0,80%;5,69%;0,52%;1,25%;12,68%;R$ 238.445.073,76;R$ 103,41;98.0;0,74%;0,02%;0,76%;1,53%;0,00%;;6
59;KNHY11;Títulos e Val. Mob.;R$ 97,06;22959.0;R$ 0,76;0,78%;3,19%;7,53%;14,89%;1,06%;1,26%;1,24%;9,80%;-0,05%;0,72%;1,08%;R$ 1.795.923.627,38;R$ 97,13;100.0;0,78%;0,59%;1,38%;9,20%;;;0
60;BARI11;Títulos e Val. Mob.;R$ 95,80;12195.0;R$ 1,05;1,06%;3,94%;7,72%;14,52%;1,31%;1,29%;1,21%;9,84%;-1,26%;-0,21%;4,14%;R$ 471.938.000,88;R$ 101,84;94.0;1,03%;-0,29%;0,74%;7,44%;;;0
61;KNCR11;Títulos e Val. Mob.;R$ 102,40;167209.0;R$ 1,30;1,26%;3,41%;6,40%;10,65%;1,14%;1,07%;0,89%;8,05%;0,50%;1,77%;11,70%;R$ 4.736.822.756,95;R$ 101,17;101.0;1,28%;-0,23%;1,05%;8,62%;;;0
62;KNSC11;Títulos e Val. Mob.;R$ 85,60;32320.0;R$ 0,70;0,82%;2,98%;6,77%;14,51%;0,99%;1,13%;1,21%;9,08%;-6,62%;-5,85%;-6,25%;R$ 1.178.257.357,98;R$ 88,75;96.0;0,79%;0,54%;1,33%;7,98%;;;0
63;KNCA11;Títulos e Val. Mob.;R$ 107,35;16616.0;R$ 1,46;1,36%;3,66%;7,22%;0,00%;1,22%;1,20%;0,00%;8,21%;0,47%;1,84%;5,29%;R$ 827.120.197,40;R$ 102,11;105.0;1,43%;1,18%;2,62%;9,64%;;;0
64;HUSI11;Hospital;R$ 1.126,00;1.0;R$ 7,95;0,74%;0,00%;0,00%;0,00%;0,00%;0,00%;0,00%;0,74%;0,00%;0,74%;0,74%;R$ 115.398.177,82;R$ 991,72;114.0;0,80%;0,88%;1,69%;1,69%;;;0
65;JSRE11;Híbrido;R$ 87,75;37813.0;R$ 0,49;0,56%;1,86%;3,79%;7,92%;0,62%;0,63%;0,66%;5,14%;15,50%;16,15%;15,53%;R$ 2.359.678.921,37;R$ 113,62;77.0;0,43%;0,11%;0,55%;3,19%;14,80%;13,40%;5
66;XPCI11;Outros;R$ 87,72;141579.0;R$ 0,96;1,01%;3,21%;6,90%;13,25%;1,07%;1,15%;1,10%;9,18%;2,02%;3,05%;6,57%;R$ 853.537.598,37;R$ 98,09;89.0;0,98%;1,05%;2,04%;12,80%;;;0
67;LUGG11;Residencial;R$ 79,40;300.0;R$ 0,52;0,66%;2,01%;4,22%;7,82%;0,67%;0,70%;0,65%;5,47%;-2,07%;-1,42%;-4,57%;R$ 115.089.203,18;R$ 127,88;62.0;0,41%;0,03%;0,43%;6,06%;2,40%;;4
68;LGCP11;Logística;R$ 84,55;1535.0;R$ 0,62;0,73%;2,32%;4,61%;8,81%;0,77%;0,77%;0,73%;6,09%;10,67%;11,47%;10,12%;R$ 279.131.782,37;R$ 102,14;83.0;0,61%;0,02%;0,63%;4,94%;0,50%;;5
69;HGRE11;Lajes Corporativas;R$ 144,12;12052.0;R$ 0,78;0,55%;1,78%;3,55%;8,27%;0,59%;0,59%;0,69%;4,60%;16,37%;17,00%;12,97%;R$ 1.912.841.196,87;R$ 161,86;89.0;0,48%;-0,09%;0,40%;1,29%;27,13%;29,17%;21
70;RNGO11;Lajes Corporativas;R$ 51,93;2939.0;R$ 0,43;0,78%;2,62%;4,92%;8,90%;0,87%;0,82%;0,74%;6,34%;19,70%;20,63%;15,48%;R$ 234.637.920,50;R$ 87,68;59.0;0,49%;-0,01%;0,48%;3,84%;24,10%;;3
71;FVPQ11;Shoppings;R$ 118,38;1040.0;R$ 0,52;0,44%;1,72%;3,65%;7,22%;0,57%;0,61%;0,60%;5,26%;4,01%;4,47%;22,72%;R$ 555.549.403,82;R$ 198,40;60.0;0,26%;-0,27%;-0,01%;3,20%;5,50%;;1
72;RBRS11;Híbrido;R$ 66,58;121.0;R$ 0,40;0,64%;2,39%;4,59%;8,34%;0,80%;0,76%;0,69%;5,86%;9,51%;10,21%;-2,19%;R$ 155.517.301,68;R$ 89,67;74.0;0,45%;-1,23%;-0,79%;-0,93%;;;0
73;HOSI11;Híbrido;R$ 65,50;2207.0;R$ 0,44;0,64%;1,81%;3,32%;7,03%;0,60%;0,55%;0,59%;4,32%;3,67%;4,33%;-2,15%;R$ 53.096.192,59;R$ 92,59;71.0;0,48%;0,30%;0,78%;3,21%;;;2
74;RBED11;Outros;R$ 136,81;866.0;R$ 1,23;0,89%;2,92%;5,71%;10,85%;0,97%;0,95%;0,90%;7,56%;18,81%;19,87%;23,54%;R$ 285.019.772,84;R$ 140,99;97.0;0,87%;0,05%;0,93%;6,33%;0,00%;;5
75;HREC11;Títulos e Val. Mob.;R$ 93,97;12.0;R$ 0,80;0,82%;3,39%;6,73%;12,22%;1,13%;1,12%;1,02%;8,59%;-0,20%;0,61%;11,21%;R$ 424.464.609,39;R$ 91,15;103.0;0,88%;0,58%;1,46%;8,49%;;;0
76;PQAG11;Logística;R$ 55,95;1.0;R$ 0,42;0,74%;2,19%;4,28%;8,11%;0,73%;0,71%;0,68%;5,68%;0,11%;0,84%;6,96%;R$ 801.775.734,17;R$ 57,30;98.0;0,73%;0,00%;0,73%;6,66%;0,00%;;1
77;ITIP11;Títulos e Val. Mob.;R$ 83,44;492.0;R$ 0,94;1,15%;3,70%;7,23%;14,04%;1,23%;1,21%;1,17%;9,63%;1,36%;2,52%;10,96%;R$ 63.335.350,67;R$ 84,66;99.0;1,11%;-1,26%;-0,16%;4,29%;;;0
78;HFOF11;Títulos e Val. Mob.;R$ 79,99;15476.0;R$ 0,62;0,81%;2,56%;4,97%;9,44%;0,85%;0,83%;0,79%;6,51%;11,13%;12,02%;3,99%;R$ 1.999.474.919,62;R$ 86,93;92.0;0,71%;5,78%;6,53%;8,70%;;;0
79;FIGS11;Shoppings;R$ 56,60;3407.0;R$ 0,37;0,63%;2,23%;4,35%;8,08%;0,74%;0,72%;0,67%;5,71%;20,94%;21,70%;14,02%;R$ 283.838.691,76;R$ 99,59;57.0;0,37%;0,10%;0,47%;3,00%;13,70%;;2
80;WPLZ11;Shoppings;R$ 76,74;214.0;R$ 0,50;0,66%;1,88%;3,11%;5,49%;0,63%;0,52%;0,46%;3,88%;11,72%;12,45%;10,12%;R$ 105.035.692,82;R$ 102,90;75.0;0,49%;0,03%;0,52%;2,98%;11,00%;;1
81;HABT11;Títulos e Val. Mob.;R$ 94,03;25868.0;R$ 1,03;1,06%;3,65%;7,33%;14,74%;1,22%;1,22%;1,23%;9,62%;-1,98%;-0,94%;-4,17%;R$ 820.874.555,41;R$ 101,01;93.0;1,02%;1,37%;2,41%;13,97%;;;0
82;ARRI11;Títulos e Val. Mob.;R$ 9,00;64664.0;R$ 0,11;1,17%;3,82%;7,93%;16,47%;1,27%;1,32%;1,37%;10,53%;-89,75%;-89,63%;-89,63%;R$ 109.353.015,33;R$ 9,28;97.0;1,19%;-89,95%;-89,83%;-89,11%;;;0
83;CACR11;Híbrido;R$ 101,35;10187.0;R$ 1,54;1,52%;4,40%;7,40%;15,44%;1,47%;1,23%;1,29%;10,17%;3,54%;5,12%;4,19%;R$ 186.509.870,57;R$ 103,19;98.0;1,49%;0,19%;1,68%;33,38%;;;0
84;SHPH11;Shoppings;R$ 796,00;81.0;R$ 4,25;0,53%;1,55%;2,79%;5,66%;0,52%;0,47%;0,47%;3,90%;11,11%;11,70%;3,18%;R$ 541.097.847,39;R$ 888,58;90.0;0,50%;-0,02%;0,48%;2,65%;10,80%;;1
85;JGPX11;Híbrido;R$ 98,40;1088.0;R$ 1,20;1,22%;3,38%;7,13%;0,00%;1,13%;1,19%;0,00%;9,32%;-0,26%;0,95%;11,23%;R$ 81.324.970,36;R$ 95,89;103.0;1,25%;0,31%;1,57%;9,51%;;;0
86;SPVJ11;Outros;;;R$ 0,68;0,00%;0,00%;0,00%;0,00%;0,00%;0,00%;0,00%;;0,00%;0,00%;0,00%;R$ 676.518.053,59;R$ 107,18;;0,63%;-0,09%;0,54%;4,63%;;;0
87;MXRF11;Híbrido;R$ 10,30;592771.0;R$ 0,11;1,07%;3,32%;6,63%;11,99%;1,11%;1,11%;1,00%;8,60%;5,31%;6,43%;23,53%;R$ 2.302.693.543,19;R$ 10,19;101.0;0,98%;-0,02%;0,96%;2,22%;;;0
88;XPLG11;Logística;R$ 109,87;44767.0;R$ 0,72;0,67%;2,16%;4,22%;8,17%;0,72%;0,70%;0,68%;5,59%;11,63%;12,37%;16,20%;R$ 3.086.874.864,39;R$ 113,90;96.0;0,63%;0,18%;0,81%;8,77%;8,80%;1,20%;13
89;URPR11;Outros;R$ 103,10;84655.0;R$ 1,62;1,56%;4,32%;9,25%;18,15%;1,44%;1,54%;1,51%;12,01%;-4,88%;-3,40%;-2,95%;R$ 995.953.483,07;R$ 101,03;102.0;1,60%;0,66%;2,27%;20,72%;;;0
90;PLOG11;Logística;R$ 79,74;1668.0;R$ 0,75;0,95%;3,13%;6,28%;12,15%;1,04%;1,05%;1,01%;8,40%;19,27%;20,40%;15,10%;R$ 75.302.819,52;R$ 100,40;79.0;0,75%;0,08%;0,83%;6,37%;20,40%;;1
91;PORD11;Títulos e Val. Mob.;R$ 97,00;7605.0;R$ 1,15;1,19%;4,49%;8,85%;15,55%;1,50%;1,48%;1,30%;11,27%;-1,15%;0,03%;15,47%;R$ 365.338.854,63;R$ 97,99;99.0;1,17%;-0,19%;0,98%;6,46%;;;0
92;NVHO11;Hospital;R$ 10,00;624.0;R$ 0,08;0,74%;2,13%;3,64%;7,33%;0,71%;0,61%;0,61%;3,64%;-0,94%;-0,22%;4,88%;R$ 528.270.590,57;R$ 12,73;79.0;0,61%;0,04%;0,65%;4,14%;;;1
93;NEWL11;Híbrido;R$ 101,38;618.0;R$ 0,90;0,87%;3,66%;6,09%;11,35%;1,22%;1,01%;0,95%;7,66%;9,42%;10,37%;8,60%;R$ 263.976.376,49;R$ 129,84;78.0;0,69%;0,12%;0,82%;19,39%;0,00%;;2
94;IDFI11;Híbrido;R$ 68,97;626.0;R$ 0,91;1,22%;4,40%;8,35%;0,00%;1,47%;1,39%;0,00%;11,09%;-9,22%;-8,12%;-18,10%;R$ 180.214.602,95;R$ 87,57;79.0;1,48%;-7,89%;-6,53%;-10,00%;;;0
95;HSAF11;Títulos e Val. Mob.;R$ 84,70;4874.0;R$ 1,00;1,15%;3,54%;7,26%;14,11%;1,18%;1,21%;1,18%;9,62%;-6,95%;-5,88%;1,02%;R$ 235.607.185,56;R$ 93,26;91.0;1,07%;-1,05%;0,01%;7,36%;;;0
96;SARE11;Híbrido;R$ 74,90;7351.0;R$ 0,65;0,81%;2,77%;5,29%;10,55%;0,92%;0,88%;0,88%;7,06%;14,23%;15,15%;19,12%;R$ 904.179.109,81;R$ 97,91;76.0;0,66%;-0,22%;0,44%;3,93%;6,20%;;3
97;NSLU11;Hospital;R$ 179,22;205.0;R$ 0,85;0,50%;1,56%;3,98%;8,92%;0,52%;0,66%;0,74%;1,56%;12,26%;12,81%;14,01%;R$ 251.494.605,37;R$ 194,46;92.0;;;;;0,00%;;1
98;PVBI11;Lajes Corporativas;R$ 99,00;66358.0;R$ 0,56;0,57%;1,79%;3,58%;7,38%;0,60%;0,60%;0,62%;4,21%;7,91%;8,52%;16,38%;R$ 996.236.330,26;R$ 99,23;100.0;0,56%;0,10%;0,66%;1,65%;0,10%;;4
99;LVBI11;Logística;R$ 116,00;136034.0;R$ 0,75;0,66%;2,16%;4,35%;8,59%;0,72%;0,72%;0,72%;5,06%;15,23%;15,99%;20,78%;R$ 1.360.439.203,91;R$ 115,53;100.0;0,64%;0,63%;1,28%;2,48%;0,50%;0,00%;10
100;PQDP11;Shoppings;R$ 2.372,00;16.0;R$ 17,87;0,80%;2,59%;4,38%;8,60%;0,86%;0,73%;0,72%;5,24%;13,17%;14,07%;16,26%;R$ 815.397.327,57;R$ 3.321,20;71.0;0,43%;-1,05%;-0,63%;0,27%;3,60%;;1
101;FIIB11;Híbrido;R$ 483,00;417.0;R$ 3,55;0,74%;2,29%;4,54%;8,91%;0,76%;0,76%;0,74%;5,23%;7,35%;8,14%;9,93%;R$ 312.730.340,17;R$ 456,54;106.0;;;;;6,28%;;1
102;ABCP11;Shoppings;R$ 73,61;830.0;R$ 0,55;0,72%;2,28%;4,65%;9,31%;0,76%;0,78%;0,78%;6,27%;13,02%;13,84%;9,38%;R$ 1.119.952.411,71;R$ 91,77;80.0;0,60%;0,02%;0,62%;5,14%;7,50%;;1
103;RBCO11;Lajes Corporativas;R$ 44,30;5917.0;R$ 0,25;0,56%;2,35%;4,85%;9,30%;0,78%;0,81%;0,77%;6,19%;14,23%;14,87%;-15,21%;R$ 322.807.887,59;R$ 85,42;52.0;0,29%;0,00%;0,29%;-12,41%;46,00%;50,00%;4
104;JPPA11;Títulos e Val. Mob.;R$ 109,30;5323.0;R$ 1,65;1,56%;5,22%;10,44%;18,05%;1,74%;1,74%;1,50%;13,19%;4,29%;5,91%;23,88%;R$ 60.286.691,26;R$ 99,82;109.0;1,65%;-1,05%;0,58%;7,74%;;;0
105;VRTA11;Títulos e Val. Mob.;R$ 95,54;28692.0;R$ 1,10;1,17%;3,56%;7,08%;13,94%;1,19%;1,18%;1,16%;9,45%;-1,75%;-0,60%;-1,65%;R$ 1.235.222.851,71;R$ 93,91;102.0;1,17%;-0,12%;1,05%;7,85%;;;0
106;KNIP11;Títulos e Val. Mob.;R$ 91,40;60085.0;R$ 0,58;0,62%;3,18%;7,81%;15,58%;1,06%;1,30%;1,30%;10,17%;-3,40%;-2,80%;-0,43%;R$ 7.710.169.930,51;R$ 95,68;96.0;0,61%;0,93%;1,54%;8,86%;;;0
107;RBHY11;Títulos e Val. Mob.;R$ 100,00;4453.0;R$ 1,38;1,41%;4,44%;8,47%;16,92%;1,48%;1,41%;1,41%;10,82%;-0,42%;0,99%;6,12%;R$ 183.113.957,49;R$ 96,71;103.0;1,43%;-0,36%;1,06%;10,74%;;;0
108;RMAI11;Lajes Corporativas;R$ 44,83;252.0;R$ 0,26;0,61%;2,12%;4,39%;6,13%;0,71%;0,73%;0,51%;6,13%;19,72%;20,45%;12,94%;R$ 264.537.590,09;R$ 108,25;41.0;0,24%;0,00%;0,24%;1,61%;23,44%;;1
109;XPHT11;Hotel;R$ 113,00;207.0;R$ 0,65;0,59%;1,51%;2,30%;4,57%;0,50%;0,38%;0,38%;1,90%;0,00%;0,59%;14,32%;R$ 357.911.232,04;R$ 94,07;120.0;0,57%;0,01%;0,58%;1,57%;64,90%;;5
110;PLCR11;Híbrido;R$ 86,35;3061.0;R$ 1,19;1,36%;4,17%;7,93%;14,75%;1,39%;1,32%;1,23%;10,29%;5,54%;6,98%;9,45%;R$ 194.176.239,76;R$ 92,06;94.0;1,29%;-0,88%;0,41%;6,72%;;;0
111;KFOF11;Títulos e Val. Mob.;R$ 92,44;16453.0;R$ 0,70;0,81%;2,67%;5,26%;9,87%;0,89%;0,88%;0,82%;6,96%;15,43%;16,36%;21,84%;R$ 451.995.985,21;R$ 99,71;93.0;0,70%;8,13%;8,89%;12,40%;;;0
112;KINP11;Residencial;R$ 9,25;5415.0;R$ 0,21;1,45%;6,39%;13,32%;0,00%;2,13%;2,22%;0,00%;13,32%;11,54%;13,15%;16,33%;R$ 40.044.213,40;R$ 5,60;165.0;3,75%;-6,55%;-3,05%;6,70%;;;0
113;APTO11;Híbrido;R$ 9,15;6414.0;R$ 0,11;1,17%;3,70%;7,11%;0,00%;1,23%;1,19%;0,00%;8,99%;-4,29%;-3,17%;1,44%;R$ 40.386.596,55;R$ 10,06;91.0;1,09%;-0,22%;0,87%;10,99%;;;0
114;MALL11;Shoppings;R$ 109,41;11512.0;R$ 0,77;0,71%;2,16%;4,30%;8,45%;0,72%;0,72%;0,70%;5,77%;8,79%;9,55%;19,75%;R$ 813.345.477,18;R$ 107,58;102.0;0,70%;-0,06%;0,63%;1,77%;4,00%;;8
115;BRCO11;Logística;R$ 108,50;76823.0;R$ 0,70;0,64%;2,08%;4,00%;7,76%;0,69%;0,67%;0,65%;5,28%;10,10%;10,81%;18,17%;R$ 1.758.903.908,43;R$ 119,02;91.0;0,59%;0,01%;0,60%;4,21%;0,00%;0,00%;10
116;VCJR11;Títulos e Val. Mob.;R$ 90,11;9739.0;R$ 0,70;0,77%;3,13%;7,57%;15,55%;1,04%;1,26%;1,30%;9,95%;-2,32%;-1,57%;2,51%;R$ 1.383.493.425,11;R$ 93,96;96.0;0,74%;0,47%;1,22%;10,28%;;;0
117;QAMI11;Híbrido;R$ 87,20;91.0;R$ 1,00;1,14%;3,74%;7,76%;16,31%;1,25%;1,29%;1,36%;10,28%;-0,01%;1,13%;-1,67%;R$ 73.835.103,76;R$ 92,13;95.0;1,09%;-0,88%;0,19%;9,23%;;;0
118;JSAF11;Títulos e Val. Mob.;R$ 88,88;3168.0;R$ 0,93;1,05%;3,35%;6,66%;0,00%;1,12%;1,11%;0,00%;8,84%;10,75%;11,91%;17,00%;R$ 156.030.534,88;R$ 99,19;90.0;0,94%;3,22%;4,18%;9,69%;;;0
119;XPSF11;Outros;R$ 7,67;83391.0;R$ 0,08;0,95%;2,92%;5,77%;11,07%;0,97%;0,96%;0,92%;7,50%;10,01%;11,06%;-89,28%;R$ 387.836.157,83;R$ 8,96;86.0;0,84%;5,23%;6,11%;-89,17%;;;0
120;BTWR11;Lajes Corporativas;R$ 105,49;274.0;R$ 0,38;0,36%;0,80%;2,02%;2,30%;0,27%;0,34%;0,19%;2,30%;0,00%;0,36%;0,88%;R$ 90.257.312,30;R$ 111,53;95.0;0,34%;0,11%;0,45%;5,63%;12,00%;;1
121;VOTS11;Títulos e Val. Mob.;R$ 86,00;31.0;R$ 1,01;1,14%;3,78%;8,12%;13,64%;1,26%;1,35%;1,14%;10,44%;-1,20%;-0,08%;17,34%;R$ 78.221.067,57;R$ 94,48;91.0;1,07%;-0,06%;1,01%;6,35%;;;0
122;VTLT11;Logística;R$ 96,30;2040.0;R$ 0,83;0,87%;2,72%;5,37%;10,33%;0,91%;0,90%;0,86%;7,19%;7,71%;8,64%;12,08%;R$ 217.497.878,73;R$ 102,84;94.0;0,81%;0,04%;0,85%;6,17%;0,00%;0,00%;1
123;VGHF11;Títulos e Val. Mob.;R$ 9,87;434538.0;R$ 0,12;1,21%;3,72%;7,78%;16,99%;1,24%;1,30%;1,42%;10,89%;-0,10%;1,11%;7,42%;R$ 676.524.381,72;R$ 9,28;106.0;1,29%;0,27%;1,56%;9,88%;;;0
124;RNDP11;Títulos e Val. Mob.;R$ 272,00;32.0;R$ 2,39;0,80%;2,92%;6,22%;9,75%;0,97%;1,04%;0,81%;7,43%;-8,97%;-8,24%;-46,15%;R$ 34.834.301,27;R$ 324,10;84.0;0,74%;-16,02%;-15,40%;-48,87%;;;0
125;RBRD11;Híbrido;R$ 41,30;499.0;R$ 0,30;0,71%;2,69%;4,61%;9,25%;0,90%;0,77%;0,77%;7,72%;9,69%;10,48%;5,40%;R$ 127.979.071,39;R$ 69,11;60.0;0,43%;-0,52%;-0,09%;0,52%;15,52%;;4
126;VIUR11;Títulos e Val. Mob.;R$ 8,15;35887.0;R$ 0,07;0,86%;2,89%;5,83%;11,14%;0,96%;0,97%;0,93%;7,70%;20,00%;21,03%;-88,07%;R$ 255.344.132,45;R$ 9,48;86.0;0,76%;0,15%;0,91%;-89,59%;0,00%;;6
127;VILG11;Logística;R$ 110,43;15294.0;R$ 0,72;0,67%;2,18%;4,29%;8,28%;0,73%;0,71%;0,69%;5,66%;15,31%;16,08%;11,23%;R$ 1.708.055.899,87;R$ 113,89;97.0;0,63%;0,46%;1,09%;5,04%;0,00%;;16
128;VCRR11;Residencial;R$ 80,92;2054.0;R$ 0,67;0,83%;2,72%;5,45%;10,67%;0,91%;0,91%;0,89%;7,21%;15,80%;16,75%;12,30%;R$ 239.916.924,37;R$ 119,96;67.0;0,56%;0,12%;0,68%;4,84%;;;0
129;BCIA11;Títulos e Val. Mob.;R$ 93,82;5419.0;R$ 0,74;0,81%;2,60%;5,14%;9,74%;0,87%;0,86%;0,81%;6,69%;10,50%;11,39%;12,76%;R$ 403.720.083,63;R$ 108,55;86.0;0,68%;5,90%;6,62%;9,91%;;;0
130;BBGO11;Títulos e Val. Mob.;R$ 86,48;1419.0;R$ 0,75;0,86%;2,72%;4,64%;0,00%;0,91%;0,77%;0,00%;5,09%;2,10%;2,98%;5,41%;R$ 394.157.372,88;R$ 98,41;88.0;0,76%;0,28%;1,04%;6,66%;;;0
131;BNFS11;Outros;R$ 124,50;787.0;R$ 1,48;1,23%;3,69%;7,10%;13,12%;1,23%;1,18%;1,09%;9,13%;2,90%;4,17%;3,88%;R$ 69.456.969,88;R$ 99,22;125.0;1,50%;0,00%;1,50%;8,67%;0,00%;;18
132;FIIP11B;Logística;R$ 163,01;497.0;R$ 1,35;0,80%;2,53%;4,94%;9,53%;0,84%;0,82%;0,79%;6,50%;13,02%;13,92%;10,29%;R$ 172.744.337,51;R$ 186,32;87.0;0,72%;0,09%;0,82%;-1,96%;0,00%;;7
133;EDFO11B;Lajes Corporativas;R$ 205,99;1.0;R$ 1,68;0,81%;2,52%;4,69%;8,64%;0,84%;0,78%;0,72%;6,03%;8,79%;9,68%;2,09%;R$ 45.762.672,04;R$ 193,91;106.0;0,87%;0,13%;1,00%;6,09%;7,10%;;1
134;CXCE11B;Outros;R$ 39,99;291.0;R$ 0,36;0,89%;2,76%;5,36%;10,86%;0,92%;0,89%;0,90%;7,09%;7,28%;8,23%;-5,61%;R$ 111.425.979,36;R$ 65,05;61.0;0,55%;0,08%;0,63%;-2,28%;0,00%;;1
135;HBRH11;Híbrido;R$ 95,55;174.0;R$ 0,66;0,74%;2,30%;4,84%;10,74%;0,77%;0,81%;0,90%;6,59%;5,95%;6,73%;5,02%;R$ 313.328.669,87;R$ 113,03;85.0;0,58%;0,04%;0,62%;5,49%;;;3
136;QIRI11;Títulos e Val. Mob.;R$ 78,04;39.0;R$ 0,66;0,86%;2,85%;5,44%;9,60%;0,95%;0,91%;0,80%;7,00%;6,81%;7,72%;-8,39%;R$ 13.496.955,35;R$ 89,98;87.0;0,73%;6,29%;7,07%;8,72%;;;0
137;BLMO11;Lajes Corporativas;R$ 22.000,00;10.0;R$ 37,45;0,16%;0,35%;0,54%;0,00%;0,12%;0,09%;0,00%;0,56%;-4,00%;-3,85%;-7,17%;R$ 111.839.709,47;R$ 29.454,76;75.0;0,13%;0,08%;0,21%;12,85%;0,00%;;1
138;STRX11;Híbrido;;;R$ 0,71;0,00%;0,00%;0,00%;0,00%;0,00%;0,00%;0,00%;;0,00%;0,00%;0,00%;R$ 227.183.788,69;R$ 140,80;;0,50%;0,10%;0,60%;4,18%;;;0
139;HGRU11;Híbrido;R$ 129,35;39967.0;R$ 0,82;0,64%;2,34%;4,47%;8,40%;0,78%;0,75%;0,70%;5,81%;7,10%;7,79%;18,03%;R$ 2.188.422.001,09;R$ 118,89;109.0;0,69%;0,55%;1,24%;6,03%;0,00%;0,00%;17
140;HGCR11;Títulos e Val. Mob.;R$ 104,71;46659.0;R$ 1,20;1,15%;3,45%;6,57%;12,30%;1,15%;1,10%;1,03%;8,55%;0,91%;2,08%;7,43%;R$ 1.495.774.340,90;R$ 101,98;103.0;1,18%;0,26%;1,44%;9,59%;;;0
141;BICR11;Títulos e Val. Mob.;R$ 102,00;151.0;R$ 0,82;0,82%;1,97%;4,72%;8,42%;0,66%;0,79%;0,70%;6,01%;-1,53%;-0,73%;13,05%;R$ 50.361.097,03;R$ 100,72;101.0;0,81%;0,27%;1,09%;7,24%;;;0
142;BBFI11B;Lajes Corporativas;R$ 1.960,00;209.0;R$ 26,31;1,31%;4,33%;8,40%;15,80%;1,44%;1,40%;1,32%;10,52%;12,51%;13,98%;-2,35%;R$ 375.131.778,13;R$ 2.885,63;68.0;0,91%;1,18%;2,10%;4,25%;39,11%;;2
143;HGPO11;Lajes Corporativas;R$ 262,00;2557.0;R$ 1,60;0,61%;1,72%;3,29%;6,62%;0,57%;0,55%;0,55%;4,32%;4,03%;4,66%;5,99%;R$ 469.905.295,95;R$ 268,05;98.0;0,60%;-0,05%;0,55%;4,24%;4,99%;2,72%;2
144;ITIT11;Títulos e Val. Mob.;R$ 82,59;847.0;R$ 0,54;0,73%;2,35%;4,65%;8,94%;0,78%;0,77%;0,74%;6,17%;3,51%;4,27%;8,06%;R$ 77.364.892,19;R$ 85,91;96.0;0,63%;11,20%;11,90%;12,89%;;;0
145;HGLG11;Logística;R$ 171,50;32937.0;R$ 1,10;0,64%;3,30%;5,31%;9,65%;1,10%;0,88%;0,80%;6,61%;2,44%;3,09%;8,28%;R$ 3.460.194.083,95;R$ 147,51;116.0;0,75%;0,86%;1,61%;7,05%;6,90%;6,50%;17
146;HAAA11;Lajes Corporativas;R$ 93,00;11.0;R$ 0,54;0,61%;1,89%;3,60%;7,00%;0,63%;0,60%;0,58%;4,72%;-1,53%;-0,93%;-3,06%;R$ 312.405.497,72;R$ 90,42;103.0;0,60%;0,49%;1,09%;0,02%;17,00%;;1
147;RBVA11;Outros;R$ 97,07;10083.0;R$ 1,02;1,03%;3,36%;6,21%;11,72%;1,12%;1,04%;0,98%;8,12%;10,10%;11,23%;8,73%;R$ 1.194.419.044,14;R$ 103,07;94.0;0,99%;-0,02%;0,97%;7,72%;0,70%;;72
148;HGFF11;Títulos e Val. Mob.;R$ 81,89;5552.0;R$ 0,65;0,81%;2,58%;5,11%;9,70%;0,86%;0,85%;0,81%;6,69%;12,26%;13,16%;13,21%;R$ 265.289.507,45;R$ 92,64;88.0;0,70%;6,26%;7,01%;9,18%;;;0
149;HCHG11;Outros;R$ 86,50;810.0;R$ 1,00;1,19%;3,33%;6,41%;11,45%;1,11%;1,07%;0,95%;8,22%;2,88%;4,11%;2,84%;R$ 124.368.579,20;R$ 103,64;83.0;0,96%;-0,61%;0,35%;13,79%;;;0
150;HPDP11;Shoppings;R$ 82,78;61.0;R$ 0,45;0,51%;1,61%;3,25%;6,38%;0,54%;0,54%;0,53%;4,32%;7,25%;7,80%;9,88%;R$ 276.092.639,54;R$ 94,92;87.0;0,47%;0,00%;0,48%;4,01%;2,00%;;1
151;HLOG11;Logística;R$ 97,10;564.0;R$ 0,65;0,67%;2,16%;4,34%;8,28%;0,72%;0,72%;0,69%;5,74%;10,92%;11,66%;10,08%;R$ 471.343.638,57;R$ 110,90;88.0;0,59%;-0,05%;0,54%;3,16%;58,00%;0,00%;3
152;HGBS11;Shoppings;R$ 216,00;99782.0;R$ 1,30;0,60%;2,13%;4,14%;7,72%;0,71%;0,69%;0,64%;5,52%;18,35%;19,06%;36,02%;R$ 2.195.124.932,97;R$ 219,51;98.0;0,59%;1,48%;2,08%;6,80%;6,50%;;17
153;CYCR11;Títulos e Val. Mob.;R$ 85,99;10399.0;R$ 1,00;1,08%;3,27%;7,09%;0,00%;1,09%;1,18%;0,00%;9,38%;-1,13%;-0,06%;1,25%;R$ 156.128.638,42;R$ 95,73;90.0;1,04%;0,00%;1,04%;6,57%;;;0
154;HUSC11;Outros;R$ 112,00;52.0;R$ 0,96;0,91%;2,84%;5,35%;8,48%;0,95%;0,89%;0,71%;6,18%;2,97%;3,90%;0,49%;R$ 113.468.692,97;R$ 142,80;78.0;0,67%;0,01%;0,68%;3,36%;;;0
155;CBOP11;Lajes Corporativas;R$ 58,67;476.0;R$ 0,49;0,81%;3,30%;5,67%;13,62%;1,10%;0,95%;1,13%;7,15%;-0,53%;0,28%;-10,99%;R$ 107.636.944,40;R$ 76,07;77.0;0,64%;-0,53%;0,11%;-11,28%;33,59%;30,79%;1
156;TEPP11;Lajes Corporativas;R$ 84,82;3693.0;R$ 0,49;0,59%;2,00%;4,16%;8,19%;0,67%;0,69%;0,68%;5,45%;14,59%;15,27%;18,65%;R$ 380.197.399,54;R$ 90,05;94.0;0,54%;0,02%;0,56%;2,74%;9,06%;18,03%;5
157;BTSG11;Híbrido;R$ 100,00;248.0;R$ 0,87;0,00%;0,00%;0,00%;0,00%;0,00%;0,00%;0,00%;;0,00%;0,00%;0,00%;R$ 104.071.243,95;R$ 134,28;74.0;0,65%;0,71%;1,36%;4,71%;;;0
158;RZTR11;Híbrido;R$ 105,30;31438.0;R$ 1,25;1,20%;3,67%;7,30%;14,18%;1,22%;1,22%;1,18%;9,73%;3,12%;4,36%;10,57%;R$ 1.080.357.527,58;R$ 97,79;108.0;1,28%;-0,68%;0,59%;6,75%;;;10
159;TGAR11;Outros;R$ 125,71;45225.0;R$ 1,59;1,26%;3,93%;7,54%;13,48%;1,31%;1,26%;1,12%;9,57%;4,61%;5,93%;12,84%;R$ 1.377.514.199,65;R$ 121,80;103.0;1,31%;-0,85%;0,44%;1,15%;;;0
160;KISU11;Títulos e Val. Mob.;R$ 8,45;84173.0;R$ 0,07;0,84%;3,04%;5,75%;10,57%;1,01%;0,96%;0,88%;7,40%;5,07%;5,96%;9,62%;R$ 415.418.376,95;R$ 9,40;90.0;0,74%;6,55%;7,34%;6,51%;;;0
161;BPFF11;Títulos e Val. Mob.;R$ 70,94;8802.0;R$ 0,70;0,99%;3,38%;6,47%;11,78%;1,13%;1,08%;0,98%;8,27%;7,38%;8,44%;11,76%;R$ 355.995.596,04;R$ 79,25;90.0;0,88%;4,38%;5,30%;7,35%;;;0
162;XPPR11;Outros;R$ 45,90;12136.0;R$ 0,30;0,60%;2,04%;4,43%;9,33%;0,68%;0,74%;0,78%;5,90%;6,01%;6,65%;-17,12%;R$ 555.483.607,84;R$ 75,93;60.0;0,40%;-0,65%;-0,26%;-3,32%;46,00%;0,00%;4
163;SPTW11;Lajes Corporativas;R$ 44,30;2217.0;R$ 0,40;0,92%;2,82%;5,53%;12,16%;0,94%;0,92%;1,01%;7,32%;4,39%;5,35%;2,84%;R$ 95.341.828,10;R$ 53,03;84.0;0,75%;0,07%;0,83%;5,97%;0,00%;;1
164;PATL11;Híbrido;R$ 84,00;10546.0;R$ 0,58;0,74%;2,28%;4,56%;9,38%;0,76%;0,76%;0,78%;6,07%;7,67%;8,47%;10,51%;R$ 489.389.528,88;R$ 98,04;86.0;0,59%;0,27%;0,87%;4,91%;0,00%;0,00%;4
165;XPCM11;Lajes Corporativas;R$ 17,85;9013.0;R$ 0,12;0,83%;2,77%;5,95%;10,88%;0,92%;0,99%;0,91%;7,65%;6,91%;7,79%;-17,98%;R$ 127.310.569,38;R$ 52,73;34.0;0,23%;-0,47%;-0,25%;-1,55%;100,00%;;1
166;RBFF11;Títulos e Val. Mob.;R$ 57,54;2013.0;R$ 0,50;0,83%;2,70%;5,51%;10,64%;0,90%;0,92%;0,89%;7,29%;6,69%;7,58%;17,00%;R$ 253.159.041,91;R$ 67,52;85.0;0,74%;6,37%;7,15%;9,76%;;;0
167;JFLL11;Residencial;R$ 72,29;3183.0;R$ 0,62;0,79%;2,65%;5,13%;10,15%;0,88%;0,85%;0,85%;6,74%;17,35%;18,28%;6,08%;R$ 150.619.312,71;R$ 100,37;72.0;0,62%;0,04%;0,65%;5,34%;28,00%;;2
168;HSLG11;Logística;R$ 97,82;4209.0;R$ 0,69;0,72%;2,30%;4,47%;8,54%;0,77%;0,75%;0,71%;5,87%;13,53%;14,35%;13,34%;R$ 1.333.601.659,22;R$ 105,34;93.0;0,66%;-0,10%;0,55%;-0,89%;1,10%;;5
169;SDIL11;Logística;R$ 98,00;12380.0;R$ 0,76;0,78%;2,50%;5,00%;10,15%;0,83%;0,83%;0,85%;6,73%;11,38%;12,24%;21,14%;R$ 632.055.298,98;R$ 98,84;99.0;0,77%;-0,26%;0,50%;7,78%;2,60%;;5
170;CXCO11;Lajes Corporativas;R$ 78,03;2928.0;R$ 0,72;0,90%;2,85%;5,58%;10,40%;0,95%;0,93%;0,87%;7,24%;7,30%;8,27%;4,77%;R$ 378.865.717,01;R$ 96,54;81.0;0,74%;0,05%;0,79%;6,37%;;;0
171;HSRE11;Híbrido;R$ 100,99;4950.0;R$ 0,63;0,63%;1,82%;3,50%;7,22%;0,61%;0,58%;0,60%;4,62%;0,00%;0,63%;4,69%;R$ 818.368.632,20;R$ 96,07;105.0;0,66%;0,02%;0,68%;3,65%;0,00%;;29
172;PLRI11;Títulos e Val. Mob.;R$ 27,15;173.0;R$ 0,09;0,32%;1,58%;3,32%;10,98%;0,53%;0,55%;0,92%;9,01%;-0,78%;-0,46%;-19,36%;R$ 33.074.729,32;R$ 34,66;78.0;0,26%;-0,63%;-0,37%;-11,14%;;;0
173;HSML11;Shoppings;R$ 94,25;30282.0;R$ 0,67;0,73%;2,40%;4,66%;8,86%;0,80%;0,78%;0,74%;6,16%;17,50%;18,36%;27,54%;R$ 1.547.656.456,45;R$ 98,07;96.0;0,68%;-0,83%;-0,15%;2,85%;4,50%;;6
174;BCRI11;Títulos e Val. Mob.;R$ 104,30;7903.0;R$ 1,29;1,23%;3,83%;7,56%;14,18%;1,28%;1,26%;1,18%;9,77%;-2,27%;-1,07%;4,22%;R$ 654.717.061,65;R$ 104,62;100.0;1,23%;-1,45%;-0,24%;7,01%;;;0
175;SADI11;Títulos e Val. Mob.;R$ 90,90;4735.0;R$ 1,08;1,18%;3,49%;6,66%;11,22%;1,16%;1,11%;0,93%;8,51%;0,18%;1,36%;10,35%;R$ 318.870.013,98;R$ 100,27;91.0;1,08%;-0,86%;0,20%;7,66%;;;0
176;VSHO11;Shoppings;R$ 79,70;2387.0;R$ 0,59;0,74%;2,30%;4,67%;9,12%;0,77%;0,78%;0,76%;6,12%;1,41%;2,16%;7,91%;R$ 206.893.825,43;R$ 98,58;81.0;0,60%;-0,08%;0,52%;1,43%;12,96%;;3
177;RDPD11;Títulos e Val. Mob.;R$ 51,00;752.0;R$ 0,61;1,19%;3,41%;7,00%;12,17%;1,14%;1,17%;1,01%;9,01%;1,46%;2,66%;-0,99%;R$ 58.853.145,42;R$ 54,59;93.0;1,12%;-1,60%;-0,50%;0,20%;;;0
178;RBVO11;Outros;R$ 11,63;128.0;R$ 0,04;0,37%;1,02%;1,58%;3,76%;0,34%;0,26%;0,31%;2,49%;-2,80%;-2,44%;-10,24%;R$ 8.833.620,95;R$ 17,13;68.0;0,23%;-1,11%;-0,88%;-23,82%;;;0
179;GTWR11;Lajes Corporativas;R$ 81,80;2980.0;R$ 0,74;0,89%;2,98%;5,88%;11,03%;0,99%;0,98%;0,92%;7,67%;17,01%;18,06%;5,89%;R$ 1.175.680.243,29;R$ 97,97;83.0;0,76%;0,02%;0,78%;5,60%;0,00%;0,00%;1
180;BBPO11;Lajes Corporativas;R$ 91,90;14242.0;R$ 0,92;1,03%;3,29%;6,39%;12,07%;1,10%;1,07%;1,01%;8,32%;12,97%;14,13%;3,84%;R$ 1.593.822.693,55;R$ 100,12;92.0;0,92%;0,02%;0,94%;12,43%;0,00%;0,00%;64
181;BBRC11;Outros;R$ 102,11;1670.0;R$ 0,99;0,94%;2,94%;5,85%;11,26%;0,98%;0,98%;0,94%;7,70%;7,14%;8,15%;13,02%;R$ 169.912.826,11;R$ 106,86;96.0;0,93%;-0,03%;0,90%;6,56%;5,37%;1,08%;20
182;VCRI11;;R$ 9,00;44206.0;R$ 0,12;1,32%;4,50%;0,00%;0,00%;1,50%;0,00%;0,00%;4,50%;-2,88%;-1,60%;0,38%;R$ 173.099.968,69;R$ 9,74;92.0;1,23%;-0,25%;0,98%;-0,25%;;;0
183;VIFI11;Títulos e Val. Mob.;R$ 7,67;10746.0;R$ 0,06;0,80%;2,54%;5,15%;10,20%;0,85%;0,86%;0,85%;6,81%;8,70%;9,57%;2,88%;R$ 76.060.116,27;R$ 9,40;82.0;0,64%;8,13%;8,82%;-68,37%;;;0
184;VINO11;Lajes Corporativas;R$ 50,00;20245.0;R$ 0,34;0,67%;2,21%;4,29%;9,50%;0,74%;0,71%;0,79%;5,67%;14,24%;15,01%;3,37%;R$ 896.316.391,45;R$ 54,11;92.0;0,63%;0,60%;1,23%;2,62%;4,20%;;9
185;VISC11;Shoppings;R$ 111,49;21103.0;R$ 0,72;0,64%;2,04%;4,10%;8,06%;0,68%;0,68%;0,67%;5,46%;11,47%;12,18%;18,15%;R$ 2.029.243.347,36;R$ 114,67;97.0;0,63%;-0,04%;0,58%;3,64%;8,30%;;15
186;PATC11;Lajes Corporativas;R$ 75,80;21566.0;R$ 0,34;0,47%;2,32%;3,73%;6,52%;0,77%;0,62%;0,54%;4,63%;7,94%;8,45%;15,28%;R$ 297.230.603,25;R$ 85,47;89.0;0,40%;-1,74%;-1,35%;1,65%;21,90%;18,90%;6
187;TRXF11;Outros;R$ 115,12;60434.0;R$ 0,85;0,77%;2,67%;5,13%;9,90%;0,89%;0,86%;0,83%;6,71%;7,35%;8,18%;16,07%;R$ 751.538.980,84;R$ 103,73;111.0;0,82%;0,09%;0,91%;10,09%;0,00%;;44
188;FPAB11;Lajes Corporativas;R$ 208,05;30.0;R$ 1,60;0,73%;2,33%;4,55%;8,34%;0,78%;0,76%;0,69%;5,87%;7,38%;8,17%;5,00%;R$ 307.733.012,09;R$ 410,31;51.0;0,39%;0,05%;0,44%;3,25%;33,79%;;1
189;EURO11;Logística;R$ 230,93;133.0;R$ 1,75;0,69%;2,35%;4,72%;9,59%;0,78%;0,79%;0,80%;6,45%;24,95%;25,81%;35,23%;R$ 119.914.740,35;R$ 312,33;74.0;0,56%;-0,05%;0,51%;4,63%;0,00%;;6
190;BBIM11;Títulos e Val. Mob.;;;R$ 0,25;0,00%;0,00%;0,00%;0,00%;0,00%;0,00%;0,00%;;0,00%;0,00%;0,00%;R$ 32.291.201,79;R$ 31,20;;0,80%;-27,90%;-27,33%;-31,49%;;;0
191;VLOL11;Lajes Corporativas;R$ 108,81;17.0;R$ 0,59;0,56%;1,70%;3,50%;6,67%;0,57%;0,58%;0,56%;4,61%;7,64%;8,24%;18,16%;R$ 184.914.145,46;R$ 103,60;105.0;0,57%;-0,02%;0,55%;3,45%;0,00%;;1
192;NVIF11B;Outros;;;R$ 0,44;0,00%;0,00%;0,00%;0,00%;0,00%;0,00%;0,00%;;0,00%;0,00%;0,00%;R$ 90.848.881,43;R$ 269,26;;0,17%;2,78%;2,95%;6,69%;;;0
193;AIEC11;Lajes Corporativas;R$ 79,07;9534.0;R$ 0,73;0,91%;2,94%;6,30%;11,25%;0,98%;1,05%;0,94%;7,96%;8,87%;9,87%;10,45%;R$ 489.178.047,14;R$ 101,38;78.0;0,72%;0,04%;0,76%;5,83%;0,00%;;2
194;GALG11;Híbrido;R$ 9,80;172058.0;R$ 0,08;0,83%;2,59%;5,17%;10,15%;0,86%;0,86%;0,85%;6,85%;-89,30%;-89,21%;-89,47%;R$ 581.925.634,33;R$ 10,12;97.0;0,81%;-89,99%;-89,91%;-89,55%;0,00%;0,00%;6
195;RFOF11;Títulos e Val. Mob.;R$ 77,91;1423.0;R$ 0,70;0,92%;2,85%;5,64%;10,84%;0,95%;0,94%;0,90%;7,46%;8,44%;9,44%;11,11%;R$ 93.377.303,24;R$ 86,61;90.0;0,81%;6,51%;7,38%;5,92%;;;0
196;RBLG11;Logística;R$ 98,40;1.0;R$ 0,88;0,93%;2,77%;5,50%;10,70%;0,92%;0,92%;0,89%;6,42%;8,73%;9,75%;15,56%;R$ 66.371.773,28;R$ 103,67;95.0;;;;;0,00%;;1
197;QAGR11;Outros;R$ 47,19;5371.0;R$ 0,41;0,86%;2,60%;5,04%;9,63%;0,87%;0,84%;0,80%;5,80%;4,30%;5,20%;0,42%;R$ 281.594.287,60;R$ 55,87;84.0;;;;;;;12
198;HGIC11;Títulos e Val. Mob.;R$ 110,00;2239.0;R$ 1,05;0,96%;2,97%;5,66%;11,52%;0,99%;0,94%;0,96%;7,64%;3,36%;4,35%;11,21%;R$ 33.767.601,21;R$ 117,09;94.0;0,90%;-1,19%;-0,30%;16,73%;;;0
199;GGRC11;Logística;R$ 119,75;11123.0;R$ 0,90;0,75%;2,43%;4,92%;9,35%;0,81%;0,82%;0,78%;6,48%;14,38%;15,24%;10,10%;R$ 1.005.415.985,23;R$ 129,59;92.0;0,69%;0,11%;0,81%;3,55%;0,00%;0,00%;20
200;CRFF11;Títulos e Val. Mob.;R$ 73,99;20.0;R$ 0,61;0,80%;2,66%;5,21%;9,21%;0,89%;0,87%;0,77%;6,70%;16,00%;16,93%;17,08%;R$ 58.346.183,81;R$ 84,55;88.0;0,70%;-0,29%;0,41%;3,28%;;;0
201;CXRI11;Híbrido;R$ 69,93;299.0;R$ 0,55;0,79%;2,67%;5,14%;9,39%;0,89%;0,86%;0,78%;6,66%;10,91%;11,78%;8,29%;R$ 129.809.519,46;R$ 82,38;85.0;0,67%;-0,14%;0,53%;1,66%;;;0
202;CXAG11;Outros;R$ 80,72;830.0;R$ 0,75;0,94%;3,04%;5,96%;0,00%;1,01%;0,99%;0,00%;6,95%;2,69%;3,66%;11,95%;R$ 239.938.024,94;R$ 114,77;70.0;0,65%;-0,01%;0,64%;15,90%;;;0
203;SCPF11;Shoppings;R$ 6,14;1152.0;R$ 0,01;0,16%;0,93%;1,54%;3,44%;0,31%;0,26%;0,29%;2,33%;28,65%;28,85%;-10,40%;R$ 52.643.237,78;R$ 12,53;49.0;0,09%;0,17%;0,26%;1,55%;29,30%;;1
204;FLMA11;Híbrido;R$ 129,89;626.0;R$ 0,89;0,66%;2,21%;4,19%;7,33%;0,74%;0,70%;0,61%;5,39%;15,07%;15,82%;20,95%;R$ 216.972.198,60;R$ 157,15;83.0;0,57%;0,08%;0,65%;4,49%;11,00%;;2
205;BREV11;Híbrido;R$ 10,08;11424.0;R$ 0,61;0,57%;1,82%;3,57%;6,99%;0,61%;0,60%;0,58%;4,74%;13,53%;14,18%;16,54%;R$ 106.245.435,86;R$ 109,85;9.0;0,56%;-0,03%;0,52%;4,25%;0,00%;;12
206;BREV11;Híbrido;R$ 10,03;18597.0;R$ 0,61;0,57%;1,82%;3,57%;6,99%;0,61%;0,60%;0,58%;4,74%;13,53%;14,18%;16,54%;R$ 106.245.435,86;R$ 109,85;9.0;0,56%;-0,03%;0,52%;4,25%;0,00%;;12
207;BREV11;Híbrido;R$ 10,04;31943.0;R$ 0,61;0,57%;1,82%;3,57%;6,99%;0,61%;0,60%;0,58%;4,74%;13,53%;14,18%;16,54%;R$ 106.245.435,86;R$ 109,85;9.0;0,56%;-0,03%;0,52%;4,25%;0,00%;;12
208;BREV11;Híbrido;R$ 10,04;26907.0;R$ 0,61;0,57%;1,82%;3,57%;6,99%;0,61%;0,60%;0,58%;4,74%;13,53%;14,18%;16,54%;R$ 106.245.435,86;R$ 109,85;9.0;0,56%;-0,03%;0,52%;4,25%;0,00%;;12
209;BREV11;Híbrido;R$ 10,06;66447.0;R$ 0,61;0,57%;1,82%;3,57%;6,99%;0,61%;0,60%;0,58%;4,74%;13,53%;14,18%;16,54%;R$ 106.245.435,86;R$ 109,85;9.0;0,56%;-0,03%;0,52%;4,25%;0,00%;;12
210;BREV11;Híbrido;R$ 10,02;40990.0;R$ 0,61;0,57%;1,82%;3,57%;6,99%;0,61%;0,60%;0,58%;4,74%;13,53%;14,18%;16,54%;R$ 106.245.435,86;R$ 109,85;9.0;0,56%;-0,03%;0,52%;4,25%;0,00%;;12
211;BREV11;Híbrido;R$ 10,04;40677.0;R$ 0,61;0,57%;1,82%;3,57%;6,99%;0,61%;0,60%;0,58%;4,74%;13,53%;14,18%;16,54%;R$ 106.245.435,86;R$ 109,85;9.0;0,56%;-0,03%;0,52%;4,25%;0,00%;;12
212;BREV11;Híbrido;R$ 10,03;20744.0;R$ 0,61;0,57%;1,82%;3,57%;6,99%;0,61%;0,60%;0,58%;4,74%;13,53%;14,18%;16,54%;R$ 106.245.435,86;R$ 109,85;9.0;0,56%;-0,03%;0,52%;4,25%;0,00%;;12
213;FATN11;Híbrido;R$ 97,89;1785.0;R$ 0,86;0,87%;2,63%;5,12%;9,61%;0,88%;0,85%;0,80%;6,65%;1,54%;2,42%;3,72%;R$ 108.547.019,26;R$ 101,13;97.0;0,85%;0,08%;0,93%;4,04%;4,30%;;7
214;BIME11;;R$ 9,22;21780.0;R$ 0,13;1,38%;4,77%;9,06%;0,00%;1,59%;1,51%;0,00%;11,25%;0,75%;2,13%;9,04%;R$ 53.496.731,84;R$ 9,15;101.0;1,42%;-0,62%;0,79%;5,71%;;;0
215;BLMR11;Títulos e Val. Mob.;R$ 7,82;36864.0;R$ 0,08;0,97%;3,10%;6,15%;11,75%;1,03%;1,03%;0,98%;8,09%;7,92%;8,96%;5,40%;R$ 216.801.524,28;R$ 8,49;92.0;0,88%;6,98%;7,92%;7,80%;;;0
216;MBRF11;Outros;R$ 680,00;236.0;R$ 10,00;1,47%;4,83%;9,39%;16,78%;1,61%;1,57%;1,40%;13,33%;14,77%;16,46%;-2,50%;R$ 115.690.142,53;R$ 1.137,97;60.0;0,88%;1,64%;2,54%;9,26%;0,00%;;2
217;ONEF11;Lajes Corporativas;R$ 171,99;166.0;R$ 0,92;0,54%;1,69%;3,44%;6,82%;0,56%;0,57%;0,57%;5,28%;5,47%;6,04%;31,74%;R$ 159.308.027,83;R$ 174,87;98.0;0,53%;0,02%;0,55%;3,72%;0,00%;;1
218;RCRB11;Lajes Corporativas;R$ 146,97;2736.0;R$ 0,72;0,52%;1,67%;3,16%;6,43%;0,56%;0,53%;0,54%;4,44%;11,55%;12,13%;10,90%;R$ 727.398.700,58;R$ 197,09;75.0;0,37%;1,19%;1,56%;2,83%;28,40%;;10
219;JRDM11;Shoppings;R$ 86,47;1475.0;R$ 0,62;0,72%;2,11%;3,83%;8,08%;0,70%;0,64%;0,67%;4,38%;8,09%;8,86%;21,24%;R$ 220.883.480,71;R$ 87,55;99.0;0,56%;0,15%;0,72%;2,22%;2,77%;;1
220;HCTR11;Outros;R$ 101,88;55935.0;R$ 1,10;1,01%;3,43%;7,80%;15,40%;1,14%;1,30%;1,28%;10,23%;-2,85%;-1,87%;-3,14%;R$ 2.680.234.010,80;R$ 121,36;84.0;0,91%;0,05%;0,96%;13,71%;;;0
221;MGFF11;Títulos e Val. Mob.;R$ 65,20;28779.0;R$ 0,55;0,82%;2,65%;5,51%;10,42%;0,88%;0,92%;0,87%;7,27%;11,86%;12,78%;14,44%;R$ 704.621.323,90;R$ 77,85;84.0;0,71%;2,28%;3,00%;2,09%;;;0
222;SEQR11;Outros;R$ 66,70;5610.0;R$ 0,67;1,00%;3,08%;5,95%;11,01%;1,03%;0,99%;0,92%;7,72%;2,15%;3,17%;-0,56%;R$ 154.465.555,44;R$ 96,03;69.0;0,69%;-0,13%;0,56%;5,42%;0,00%;;0
223;DEVA11;Títulos e Val. Mob.;R$ 94,64;26659.0;R$ 1,00;1,02%;3,69%;8,04%;15,77%;1,23%;1,34%;1,31%;10,40%;-0,61%;0,40%;5,05%;R$ 1.383.006.606,99;R$ 99,46;95.0;1,01%;0,59%;1,60%;14,23%;;;0
224;GCRA11;Híbrido;R$ 100,13;3809.0;R$ 1,20;1,17%;3,85%;8,24%;0,00%;1,28%;1,37%;0,00%;9,32%;-0,61%;0,55%;7,76%;R$ 173.594.241,47;R$ 99,15;101.0;1,21%;0,34%;1,55%;11,32%;;;0
225;FAED11;Outros;R$ 153,50;891.0;R$ 1,54;1,03%;3,28%;6,48%;11,49%;1,09%;1,08%;0,96%;8,25%;8,85%;9,98%;11,83%;R$ 138.829.055,55;R$ 216,19;71.0;0,71%;-0,01%;0,71%;2,75%;0,00%;;3
226;RBRP11;Outros;R$ 60,30;14870.0;R$ 0,45;0,74%;2,35%;4,55%;8,38%;0,78%;0,76%;0,70%;5,84%;10,91%;11,73%;-8,53%;R$ 1.024.403.847,85;R$ 84,11;72.0;0,54%;2,35%;2,90%;5,33%;13,00%;6,00%;17
227;MAXR11;Outros;R$ 82,80;1029.0;R$ 0,70;0,81%;2,46%;5,01%;9,38%;0,82%;0,83%;0,78%;5,37%;12,82%;13,73%;12,31%;R$ 135.305.467,68;R$ 120,20;69.0;;;;;2,80%;;8
228;BRCR11;Híbrido;R$ 69,79;40651.0;R$ 0,47;0,67%;2,27%;4,41%;8,63%;0,76%;0,73%;0,72%;5,14%;21,12%;21,93%;8,74%;R$ 2.689.411.478,04;R$ 100,96;69.0;0,47%;-0,54%;-0,08%;-2,46%;21,00%;25,80%;15
229;NCHB11;Títulos e Val. Mob.;R$ 91,52;6722.0;R$ 1,35;1,42%;4,33%;7,40%;14,64%;1,44%;1,23%;1,22%;10,20%;1,21%;2,65%;6,78%;R$ 145.634.941,26;R$ 90,92;101.0;1,48%;-4,58%;-3,16%;0,06%;;;0
230;BTCR11;Títulos e Val. Mob.;R$ 94,98;3548.0;R$ 0,95;1,00%;3,42%;7,32%;13,29%;1,14%;1,22%;1,11%;9,66%;-2,59%;-1,62%;13,33%;R$ 456.444.958,28;R$ 94,89;100.0;1,00%;-0,79%;0,20%;2,26%;;;0
231;FEXC11;Títulos e Val. Mob.;R$ 88,40;6332.0;R$ 0,90;1,01%;3,57%;7,20%;13,41%;1,19%;1,20%;1,12%;9,42%;2,41%;3,44%;10,41%;R$ 556.840.767,87;R$ 91,23;97.0;0,99%;-1,88%;-0,91%;4,57%;;;0
232;BCFF11;Títulos e Val. Mob.;R$ 71,68;31804.0;R$ 0,56;0,77%;2,53%;4,97%;9,43%;0,84%;0,83%;0,79%;6,52%;7,31%;8,13%;8,60%;R$ 1.974.358.766,03;R$ 78,39;91.0;0,71%;1,68%;2,40%;2,83%;;;0
233;CEOC11;Lajes Corporativas;R$ 59,95;108.0;R$ 0,50;0,82%;2,49%;4,88%;9,67%;0,83%;0,81%;0,81%;6,57%;1,91%;2,75%;13,70%;R$ 163.369.617,86;R$ 89,98;67.0;0,56%;-0,16%;0,40%;1,65%;0,00%;;1
234;VSLH11;Outros;R$ 9,14;60356.0;R$ 0,12;1,36%;3,62%;7,30%;15,22%;1,21%;1,22%;1,27%;9,68%;-6,18%;-4,90%;-0,63%;R$ 315.423.895,12;R$ 10,56;87.0;1,14%;1,09%;2,24%;16,58%;;;0
235;BLMG11;Logística;R$ 86,73;7913.0;R$ 0,80;0,94%;3,02%;5,86%;11,39%;1,01%;0,98%;0,95%;7,61%;11,18%;12,23%;-2,59%;R$ 351.417.258,89;R$ 92,22;94.0;0,87%;0,83%;1,70%;-3,10%;0,00%;0,00%;4
236;BMLC11;Lajes Corporativas;R$ 100,97;4361.0;R$ 0,72;0,74%;2,28%;4,56%;9,02%;0,76%;0,76%;0,75%;5,86%;-1,98%;-1,26%;12,81%;R$ 109.067.209,47;R$ 109,24;92.0;0,86%;-0,01%;0,85%;1,94%;7,00%;;2
237;DVFF11;Híbrido;R$ 76,29;612.0;R$ 0,75;0,95%;3,17%;6,34%;0,00%;1,06%;1,06%;0,00%;7,98%;18,86%;19,99%;-2,93%;R$ 104.930.895,87;R$ 95,31;80.0;0,79%;4,92%;5,75%;10,55%;;;0
238;CXCI11;;R$ 82,27;801.0;R$ 0,83;0,98%;3,11%;0,00%;0,00%;1,04%;0,00%;0,00%;4,87%;11,16%;12,26%;0,85%;R$ 204.640.178,72;R$ 99,45;83.0;0,83%;3,75%;4,61%;5,42%;;;0
239;RBRL11;Logística;R$ 93,68;4096.0;R$ 0,65;0,68%;2,25%;4,46%;9,26%;0,75%;0,74%;0,77%;5,81%;8,99%;9,73%;9,77%;R$ 716.523.182,74;R$ 107,15;87.0;0,61%;-0,92%;-0,32%;5,44%;0,00%;0,00%;6
240;MGLG11;Logística;R$ 44,37;731.0;R$ 0,16;0,34%;2,71%;6,32%;11,54%;0,90%;1,05%;0,96%;8,63%;13,86%;14,24%;-5,63%;R$ 73.878.512,61;R$ 39,13;113.0;0,41%;0,01%;0,42%;-49,44%;0,00%;;3
241;FLCR11;Títulos e Val. Mob.;R$ 96,49;265.0;R$ 1,00;1,02%;3,87%;8,59%;17,04%;1,29%;1,43%;1,42%;11,07%;-0,59%;0,42%;10,23%;R$ 63.104.997,93;R$ 99,60;97.0;1,00%;-0,27%;0,73%;7,37%;;;0
242;RECR11;Títulos e Val. Mob.;R$ 89,35;58588.0;R$ 0,80;0,85%;3,05%;7,59%;14,59%;1,02%;1,26%;1,22%;9,80%;-2,64%;-1,81%;0,79%;R$ 2.526.482.477,84;R$ 95,55;94.0;0,84%;0,11%;0,94%;10,90%;;;0
243;RECT11;Híbrido;R$ 61,39;11541.0;R$ 0,50;0,79%;2,51%;4,92%;9,53%;0,84%;0,82%;0,79%;6,41%;4,39%;5,22%;-3,75%;R$ 815.066.407,27;R$ 95,40;64.0;0,53%;1,12%;1,65%;1,85%;15,10%;;8
244;RELG11;Híbrido;R$ 84,00;1462.0;R$ 0,80;0,88%;3,33%;6,75%;12,53%;1,11%;1,12%;1,04%;8,50%;13,58%;14,58%;23,06%;R$ 159.157.094,89;R$ 119,26;70.0;0,67%;-0,31%;0,35%;3,59%;10,40%;10,40%;3
245;GTLG11;;R$ 97,99;5300.0;R$ 0,70;0,70%;2,10%;4,20%;0,00%;0,70%;0,70%;0,00%;5,61%;0,49%;1,20%;7,35%;R$ 666.682.130,07;R$ 92,94;105.0;0,75%;-0,03%;0,73%;0,63%;;;0
246;ERPA11;;R$ 128,00;20.0;R$ 0,70;0,54%;0,75%;0,00%;0,00%;0,25%;0,00%;0,00%;1,22%;0,00%;0,54%;1,33%;R$ 58.214.292,91;R$ 116,21;110.0;0,57%;0,02%;0,58%;1,95%;;;0
247;BLCA11;Lajes Corporativas;R$ 90,00;3.0;R$ 0,56;0,61%;1,70%;3,23%;0,00%;0,57%;0,54%;0,00%;3,75%;0,00%;0,61%;-3,09%;R$ 141.208.224,29;R$ 88,26;102.0;;;;;0,00%;;1
248;CVBI11;Títulos e Val. Mob.;R$ 90,19;32127.0;R$ 0,74;0,81%;3,13%;7,18%;13,89%;1,04%;1,20%;1,16%;9,38%;-6,00%;-5,24%;-1,32%;R$ 1.035.178.052,64;R$ 94,02;96.0;0,79%;-5,82%;-5,08%;3,35%;;;0
249;RVBI11;Títulos e Val. Mob.;R$ 80,66;1129.0;R$ 0,75;0,93%;2,91%;5,80%;11,33%;0,97%;0,97%;0,94%;7,67%;6,02%;7,00%;7,87%;R$ 126.116.556,30;R$ 87,58;92.0;0,86%;1,90%;2,77%;6,93%;;;0
250;CPFF11;Híbrido;R$ 74,97;5310.0;R$ 0,62;0,84%;2,57%;5,14%;10,15%;0,86%;0,86%;0,85%;7,02%;6,58%;7,47%;10,62%;R$ 439.277.544,57;R$ 80,60;93.0;0,77%;4,81%;5,62%;6,81%;;;0
251;IBCR11;Títulos e Val. Mob.;R$ 89,89;1897.0;R$ 1,25;1,36%;4,09%;8,23%;0,00%;1,36%;1,37%;0,00%;11,32%;1,44%;2,82%;5,85%;R$ 90.997.699,52;R$ 94,95;95.0;1,32%;-2,33%;-1,05%;5,72%;;;0
252;RBRF11;Títulos e Val. Mob.;R$ 76,47;65640.0;R$ 0,60;0,79%;2,67%;5,13%;10,06%;0,89%;0,85%;0,84%;6,80%;7,46%;8,31%;12,30%;R$ 1.189.063.056,32;R$ 86,91;88.0;0,69%;3,45%;4,16%;3,70%;;;0
253;RBRR11;Títulos e Val. Mob.;R$ 90,60;176649.0;R$ 1,00;1,04%;3,42%;6,95%;12,93%;1,14%;1,16%;1,08%;9,08%;-2,05%;-1,03%;2,38%;R$ 1.295.152.748,04;R$ 96,37;94.0;1,04%;-0,19%;0,85%;2,20%;;;0
254;RBRY11;Títulos e Val. Mob.;R$ 99,71;9839.0;R$ 1,20;1,15%;3,87%;7,52%;13,90%;1,29%;1,25%;1,16%;9,69%;2,37%;3,55%;7,10%;R$ 553.285.484,45;R$ 99,73;100.0;1,20%;-2,64%;-1,47%;0,79%;;;0
255;IRDM11;Títulos e Val. Mob.;R$ 103,01;58106.0;R$ 1,27;1,23%;3,75%;7,28%;13,99%;1,25%;1,21%;1,17%;9,40%;1,35%;2,60%;3,06%;R$ 3.461.431.680,17;R$ 95,01;108.0;1,33%;-0,32%;1,00%;2,89%;;;0
256;IRIM11;Híbrido;R$ 102,18;1230.0;R$ 1,16;1,07%;4,22%;8,00%;0,00%;1,41%;1,33%;0,00%;10,93%;5,63%;6,77%;8,45%;R$ 189.039.106,90;R$ 98,46;104.0;1,18%;-1,92%;-0,77%;1,34%;;;0
257;GAME11;Híbrido;R$ 9,58;7908.0;R$ 0,10;1,04%;3,86%;7,99%;0,00%;1,29%;1,33%;0,00%;10,15%;-2,43%;-1,42%;-2,79%;R$ 200.741.512,26;R$ 9,74;98.0;1,03%;0,88%;1,92%;-98,89%;;;0
258;CPTS11;Títulos e Val. Mob.;R$ 91,15;80488.0;R$ 1,10;1,20%;3,64%;7,13%;13,58%;1,21%;1,19%;1,13%;9,40%;2,09%;3,32%;3,23%;R$ 2.899.539.421,26;R$ 91,23;100.0;1,21%;-2,31%;-1,13%;0,61%;;;0
259;VGIR11;Títulos e Val. Mob.;R$ 10,07;257729.0;R$ 0,13;1,30%;3,77%;7,46%;12,83%;1,26%;1,24%;1,07%;9,73%;-90,13%;-90,00%;-89,17%;R$ 730.770.532,68;R$ 96,53;10.0;0,13%;0,11%;0,24%;4,68%;;;0
260;VGIP11;Outros;R$ 90,05;30997.0;R$ 1,00;1,10%;3,61%;8,26%;16,45%;1,20%;1,38%;1,37%;10,71%;-2,28%;-1,20%;0,26%;R$ 1.078.889.243,95;R$ 91,53;98.0;1,09%;0,20%;1,29%;7,43%;;;0
261;VGIA11;Títulos e Val. Mob.;R$ 10,08;195289.0;R$ 0,17;1,67%;4,91%;9,04%;0,00%;1,64%;1,51%;0,00%;11,61%;-1,84%;-0,19%;7,56%;R$ 337.648.972,94;R$ 9,56;105.0;1,78%;0,51%;2,30%;5,41%;;;0
262;MGHT11;Hotel;R$ 69,55;332.0;R$ 0,80;1,16%;3,64%;6,82%;12,02%;1,21%;1,14%;1,00%;8,67%;6,04%;7,27%;-14,77%;R$ 113.860.987,10;R$ 86,67;80.0;0,90%;-10,30%;-9,49%;-7,85%;;;0
263;MCCI11;Títulos e Val. Mob.;R$ 97,40;33669.0;R$ 1,10;1,12%;3,37%;6,48%;12,40%;1,12%;1,08%;1,03%;8,47%;0,87%;2,01%;5,10%;R$ 1.369.340.938,72;R$ 93,83;104.0;1,17%;-2,98%;-1,85%;1,22%;;;0
264;BRLA11;Híbrido;R$ 150,00;334.0;R$ 1,09;0,73%;1,52%;3,69%;7,02%;0,51%;0,61%;0,59%;5,01%;8,70%;9,49%;14,26%;R$ 379.116.262,56;R$ 157,99;95.0;0,69%;-0,13%;0,56%;-10,38%;;;0
265;MCHF11;Títulos e Val. Mob.;R$ 9,19;162524.0;R$ 0,11;1,13%;3,66%;7,01%;0,00%;1,22%;1,17%;0,00%;9,17%;2,21%;3,36%;5,12%;R$ 312.636.898,43;R$ 9,68;95.0;1,24%;-1,04%;0,18%;-2,08%;;;0
266;TRNT11;Lajes Corporativas;R$ 111,00;140.0;R$ 0,28;0,25%;0,97%;2,07%;4,23%;0,32%;0,35%;0,35%;2,77%;-1,75%;-1,51%;6,79%;R$ 797.038.659,97;R$ 202,52;55.0;0,14%;0,02%;0,16%;0,81%;49,90%;;1
267;ALZR11;Logística;R$ 117,23;11968.0;R$ 5,65;4,82%;6,18%;8,19%;11,92%;2,06%;1,37%;0,99%;9,51%;0,06%;4,88%;10,88%;R$ 741.305.529,88;R$ 111,24;105.0;5,08%;2,56%;7,77%;9,21%;0,00%;;15
268;BTAL11;Outros;R$ 100,45;8556.0;R$ 0,83;0,83%;2,59%;5,11%;10,18%;0,86%;0,85%;0,85%;6,78%;4,24%;5,11%;13,53%;R$ 636.073.252,98;R$ 106,32;94.0;0,78%;-0,76%;0,02%;6,34%;;;7
269;OURE11;Títulos e Val. Mob.;R$ 81,41;986.0;R$ 1,10;1,35%;4,20%;7,85%;14,85%;1,40%;1,31%;1,24%;9,69%;0,67%;2,03%;3,97%;R$ 99.888.890,89;R$ 92,74;88.0;1,19%;0,64%;1,83%;8,30%;;;0
270;XPML11;Shoppings;R$ 103,56;35243.0;R$ 0,73;0,70%;2,12%;4,18%;8,11%;0,71%;0,70%;0,68%;5,53%;0,48%;1,19%;17,01%;R$ 1.907.854.902,08;R$ 102,12;101.0;0,71%;2,93%;3,67%;4,91%;3,90%;;16
271;ARCT11;Híbrido;R$ 100,18;10441.0;R$ 0,90;0,90%;2,98%;8,13%;16,81%;0,99%;1,36%;1,40%;11,01%;-1,88%;-1,00%;2,26%;R$ 370.887.371,89;R$ 100,02;100.0;0,90%;-0,18%;0,72%;4,15%;;;4
272;CNES11;Lajes Corporativas;R$ 33,06;142.0;R$ 0,11;0,34%;0,91%;1,65%;3,57%;0,30%;0,27%;0,30%;2,23%;-9,59%;-9,28%;-0,23%;R$ 257.399.777,87;R$ 87,28;38.0;0,13%;-0,02%;0,11%;1,27%;56,70%;;1
273;FCFL11;Outros;R$ 124,00;2332.0;R$ 0,87;0,72%;2,23%;4,35%;8,71%;0,74%;0,73%;0,73%;5,81%;1,57%;2,31%;11,54%;R$ 364.015.453,44;R$ 104,78;118.0;0,83%;0,01%;0,85%;3,34%;0,00%;;1
274;MCHY11;Títulos e Val. Mob.;R$ 103,41;720.0;R$ 1,40;1,32%;3,90%;7,64%;14,44%;1,30%;1,27%;1,20%;10,00%;-2,51%;-1,22%;5,67%;R$ 371.756.272,98;R$ 103,56;100.0;1,35%;-1,77%;-0,44%;6,62%;;;0
275;MORC11;Títulos e Val. Mob.;R$ 93,77;995.0;R$ 1,20;1,27%;4,06%;8,50%;0,00%;1,35%;1,42%;0,00%;11,09%;-1,76%;-0,51%;5,12%;R$ 127.469.497,93;R$ 98,67;95.0;1,22%;-1,88%;-0,69%;1,62%;;;0
276;SNCI11;Títulos e Val. Mob.;R$ 100,15;8459.0;R$ 1,15;1,15%;3,63%;7,58%;0,00%;1,21%;1,26%;0,00%;10,27%;-1,58%;-0,45%;6,31%;R$ 252.128.060,08;R$ 100,85;99.0;1,29%;1,92%;3,24%;5,89%;;;0
277;EDGA11;Lajes Corporativas;R$ 18,02;3507.0;R$ 0,08;0,40%;1,64%;4,13%;7,23%;0,55%;0,69%;0,60%;5,39%;-1,90%;-1,51%;-5,85%;R$ 252.351.519,37;R$ 66,20;27.0;0,26%;-0,06%;0,20%;0,36%;48,81%;;1
278;RECX11;Outros;R$ 76,60;21.0;R$ 0,80;1,04%;2,73%;5,70%;12,12%;0,91%;0,95%;1,01%;7,90%;7,29%;8,41%;-12,60%;R$ 17.976.650,17;R$ 82,34;93.0;0,97%;-4,94%;-4,01%;-3,55%;;;0
279;OUFF11;Títulos e Val. Mob.;R$ 67,11;2476.0;R$ 0,75;1,12%;3,45%;6,73%;12,57%;1,15%;1,12%;1,05%;8,81%;2,42%;3,57%;11,52%;R$ 147.036.238,71;R$ 81,04;83.0;0,93%;5,15%;6,12%;9,40%;;;0
280;GCFF11;Títulos e Val. Mob.;R$ 71,69;435.0;R$ 0,76;1,07%;3,26%;6,35%;12,05%;1,09%;1,06%;1,00%;8,29%;-0,68%;0,38%;-3,95%;R$ 30.096.700,62;R$ 88,89;81.0;0,88%;-2,44%;-1,58%;-0,77%;;;0
281;LASC11;Shoppings;R$ 92,00;639.0;R$ 0,91;0,99%;2,05%;3,86%;7,38%;0,68%;0,64%;0,62%;5,08%;0,00%;0,99%;7,53%;R$ 284.506.676,14;R$ 112,98;81.0;0,32%;0,80%;1,12%;3,07%;2,40%;;3
282;MORE11;Títulos e Val. Mob.;R$ 73,77;6031.0;R$ 0,65;0,87%;3,13%;6,18%;11,57%;1,04%;1,03%;0,96%;8,04%;6,98%;7,92%;5,41%;R$ 204.459.833,97;R$ 88,16;84.0;0,74%;0,74%;1,49%;0,82%;;;0
283;XPIN11;Outros;R$ 82,90;5769.0;R$ 0,62;0,76%;2,46%;4,76%;9,01%;0,82%;0,79%;0,75%;6,23%;13,65%;14,51%;1,31%;R$ 768.043.694,07;R$ 107,41;77.0;0,58%;-1,92%;-1,35%;2,35%;17,30%;12,00%;5
284;AFOF11;Títulos e Val. Mob.;R$ 91,60;768.0;R$ 1,08;1,18%;3,58%;7,11%;13,36%;1,19%;1,19%;1,11%;9,25%;5,29%;6,53%;11,58%;R$ 69.465.153,20;R$ 100,50;91.0;1,07%;2,33%;3,43%;8,23%;;;0
285;SNFF11;Títulos e Val. Mob.;R$ 87,50;5058.0;R$ 0,65;0,74%;2,18%;5,20%;9,66%;0,73%;0,87%;0,80%;6,73%;-5,29%;-4,59%;5,84%;R$ 235.606.490,70;R$ 94,24;93.0;0,69%;3,21%;3,92%;4,29%;;;0
286;AFHI11;Títulos e Val. Mob.;R$ 97,00;6653.0;R$ 1,15;1,19%;3,90%;7,93%;15,36%;1,30%;1,32%;1,28%;10,48%;-3,00%;-1,84%;4,73%;R$ 287.450.160,21;R$ 95,20;102.0;1,21%;-2,09%;-0,91%;2,26%;;;0
287;CCRF11;Títulos e Val. Mob.;R$ 97,00;3.0;R$ 0,90;0,98%;4,01%;7,22%;0,00%;1,34%;1,20%;0,00%;9,62%;-6,83%;-5,92%;1,57%;R$ 152.971.036,88;R$ 97,32;100.0;0,92%;-4,01%;-3,12%;1,59%;;;0
288;BLCP11;Outros;R$ 91,49;5.0;R$ 0,45;0,50%;1,69%;3,44%;6,49%;0,56%;0,57%;0,54%;4,69%;7,69%;8,22%;19,83%;R$ 256.624.475,41;R$ 111,76;82.0;0,41%;13,61%;14,07%;15,25%;6,20%;;2
289;EQIR11;Títulos e Val. Mob.;R$ 9,80;1067.0;R$ 1,10;11,24%;13,62%;16,96%;0,00%;4,54%;2,83%;0,00%;19,11%;-89,80%;-88,66%;-87,98%;R$ 49.835.472,58;R$ 99,18;10.0;1,11%;-2,03%;-0,95%;1,97%;;;0
290;GCRI11;Títulos e Val. Mob.;R$ 93,88;869.0;R$ 1,17;1,25%;3,94%;8,50%;15,73%;1,31%;1,42%;1,31%;11,14%;-1,64%;-0,42%;6,34%;R$ 98.377.736,44;R$ 98,35;95.0;1,50%;-1,03%;0,46%;1,67%;;;0
291;RBHG11;Títulos e Val. Mob.;R$ 88,94;4081.0;R$ 1,20;1,35%;4,24%;8,60%;16,49%;1,41%;1,43%;1,37%;12,18%;0,55%;1,91%;12,86%;R$ 163.844.351,80;R$ 94,84;94.0;1,30%;-0,64%;0,65%;8,64%;;;0
292;CXTL11;Logística;R$ 94,28;1419.0;R$ 0,97;0,25%;0,67%;1,33%;4,90%;0,22%;0,22%;0,41%;0,67%;0,00%;0,25%;-5,49%;R$ 37.028.053,28;R$ 690,86;14.0;0,04%;-1,61%;-1,57%;-1,46%;61,00%;;3
293;CXTL11;Logística;R$ 94,06;3047.0;R$ 0,97;0,25%;0,67%;1,33%;4,90%;0,22%;0,22%;0,41%;0,67%;0,00%;0,25%;-5,49%;R$ 37.028.053,28;R$ 690,86;14.0;0,04%;-1,61%;-1,57%;-1,46%;61,00%;;3
294;CXTL11;Logística;R$ 93,97;1356.0;R$ 0,97;0,25%;0,67%;1,33%;4,90%;0,22%;0,22%;0,41%;0,67%;0,00%;0,25%;-5,49%;R$ 37.028.053,28;R$ 690,86;14.0;0,04%;-1,61%;-1,57%;-1,46%;61,00%;;3
295;CXTL11;Logística;R$ 93,72;4356.0;R$ 0,97;0,25%;0,67%;1,33%;4,90%;0,22%;0,22%;0,41%;0,67%;0,00%;0,25%;-5,49%;R$ 37.028.053,28;R$ 690,86;14.0;0,04%;-1,61%;-1,57%;-1,46%;61,00%;;3
296;CXTL11;Logística;R$ 93,31;6678.0;R$ 0,97;0,25%;0,67%;1,33%;4,90%;0,22%;0,22%;0,41%;0,67%;0,00%;0,25%;-5,49%;R$ 37.028.053,28;R$ 690,86;14.0;0,04%;-1,61%;-1,57%;-1,46%;61,00%;;3
297;CXTL11;Logística;R$ 93,52;2670.0;R$ 0,97;0,25%;0,67%;1,33%;4,90%;0,22%;0,22%;0,41%;0,67%;0,00%;0,25%;-5,49%;R$ 37.028.053,28;R$ 690,86;14.0;0,04%;-1,61%;-1,57%;-1,46%;61,00%;;3
298;CXTL11;Logística;R$ 94,17;2323.0;R$ 0,97;0,25%;0,67%;1,33%;4,90%;0,22%;0,22%;0,41%;0,67%;0,00%;0,25%;-5,49%;R$ 37.028.053,28;R$ 690,86;14.0;0,04%;-1,61%;-1,57%;-1,46%;61,00%;;3
299;CXTL11;Logística;R$ 94,15;4019.0;R$ 0,97;0,25%;0,67%;1,33%;4,90%;0,22%;0,22%;0,41%;0,67%;0,00%;0,25%;-5,49%;R$ 37.028.053,28;R$ 690,86;14.0;0,04%;-1,61%;-1,57%;-1,46%;61,00%;;3
300;RRCI11;Títulos e Val. Mob.;R$ 85,98;948.0;R$ 1,05;1,22%;4,04%;8,43%;16,08%;1,35%;1,41%;1,34%;12,58%;0,96%;2,20%;13,67%;R$ 46.448.655,40;R$ 96,42;89.0;1,24%;0,00%;1,25%;9,68%;;;0
301;MFAI11;Híbrido;R$ 66,48;554.0;R$ 0,70;1,05%;2,91%;4,86%;12,33%;0,97%;0,81%;1,03%;9,19%;1,51%;2,58%;-2,85%;R$ 24.142.001,77;R$ 78,06;85.0;0,86%;6,46%;7,37%;1,32%;;;0
302;BBFO11;Títulos e Val. Mob.;R$ 77,11;2264.0;R$ 0,70;0,91%;3,14%;6,56%;12,33%;1,05%;1,09%;1,03%;9,66%;-1,09%;-0,19%;16,98%;R$ 349.116.913,80;R$ 87,19;88.0;0,87%;4,63%;5,54%;8,43%;;;0
303;MFII11;Híbrido;R$ 96,49;4741.0;R$ 1,09;1,13%;3,43%;6,77%;13,46%;1,14%;1,13%;1,12%;10,07%;-0,99%;0,13%;-3,26%;R$ 416.574.943,40;R$ 100,45;96.0;1,10%;-0,06%;1,03%;0,59%;;;9
304;RZAG11;Títulos e Val. Mob.;R$ 10,07;271899.0;R$ 0,14;1,39%;4,07%;7,80%;0,00%;1,36%;1,30%;0,00%;11,12%;-2,42%;-1,07%;14,41%;R$ 289.264.320,71;R$ 9,53;106.0;1,47%;0,05%;1,52%;10,67%;;;0
305;XPCA11;Títulos e Val. Mob.;R$ 10,25;151848.0;R$ 0,14;1,37%;4,00%;8,11%;0,00%;1,33%;1,35%;0,00%;11,70%;-6,99%;-5,72%;19,19%;R$ 168.095.144,07;R$ 9,50;108.0;1,47%;0,04%;1,52%;10,99%;;;0
