;Códigodo fundo;Setor;Preço Atual;Liquidez Diária;Dividendo;DividendYield;DY (3M)Acumulado;DY (6M)Acumulado;DY (12M)Acumulado;DY (3M)Média;DY (6M)Média;DY (12M)Média;DY Ano;Variação Preço;Rentab.Período;Rentab.Acumulada;PatrimônioLíq.;VPA;P/VPA;DYPatrimonial;VariaçãoPatrimonial;Rentab. Patr.no Período;Rentab. Patr.Acumulada;VacânciaFísica;VacânciaFinanceira;QuantidadeAtivos
0;FIVN11;Shoppings;R$ 2,38;2454.0;R$ 0,00;0,00%;0,00%;0,00%;0,00%;0,00%;0,00%;0,00%;;0,00%;0,00%;0,00%;R$ 65.531.708,68;R$ 6,96;34.0;;;;;56,00%;;1
1;BZLI11;Títulos e Val. Mob.;R$ 14,70;44041.0;R$ 0,00;0,00%;0,00%;0,00%;0,00%;0,00%;0,00%;0,00%;0,00%;0,68%;0,68%;1,14%;R$ 439.856.409,07;R$ 10,80;136.0;;;;;;;0
2;XTED11;Lajes Corporativas;R$ 6,29;2702.0;R$ 0,00;0,00%;0,00%;0,00%;0,00%;0,00%;0,00%;0,00%;0,00%;1,10%;1,10%;-37,83%;R$ 27.172.278,20;R$ 13,83;45.0;;;;;0,00%;100,00%;1
3;ALMI11;Lajes Corporativas;R$ 842,00;29.0;R$ 0,00;0,00%;0,00%;0,00%;0,00%;0,00%;0,00%;0,00%;0,00%;2,27%;2,27%;-28,29%;R$ 249.878.508,15;R$ 2.247,57;37.0;;;;;64,05%;;1
4;PABY11;Híbrido;R$ 9,40;67.0;R$ 0,00;0,00%;0,00%;0,00%;0,00%;0,00%;0,00%;0,00%;0,00%;-19,84%;-19,84%;-31,62%;R$ -10.622.559,80;R$ -14,01;-67.0;;;;;;;1
5;ORPD11;Títulos e Val. Mob.;R$ 93,00;3.0;R$ 1,38;;;;;;;;;;;;R$ 43.445.940,90;R$ 149,81;62.0;;;;;;;0
6;FISC11;Lajes Corporativas;R$ 165,00;200.0;R$ 0,22;0,00%;0,00%;0,00%;0,00%;0,00%;0,00%;0,00%;;0,00%;0,00%;0,00%;R$ 195.700.769,40;R$ 115,12;143.0;;;;;;;0
7;ATSA11;Shoppings;R$ 84,96;11.0;R$ 0,25;0,18%;0,59%;1,30%;2,97%;0,20%;0,22%;0,25%;0,37%;0,74%;0,92%;1,10%;R$ 157.482.761,24;R$ 89,93;94.0;;;;;21,90%;;1
8;CXTL11;Logística;R$ 351,00;5.0;R$ 0,48;0,16%;0,67%;1,29%;0,00%;0,22%;0,22%;0,00%;0,42%;-6,12%;-5,97%;-5,73%;R$ 37.634.810,74;R$ 702,18;50.0;;;;;61,00%;;3
9;HTMX11;Hotel;R$ 115,50;3597.0;R$ 0,00;0,00%;0,80%;2,20%;5,41%;0,27%;0,37%;0,45%;0,80%;-28,14%;-28,14%;-32,26%;R$ 164.192.001,82;R$ 130,62;88.0;;;;;65,00%;;23
10;GSFI11;Shoppings;R$ 4,49;1354.0;R$ 0,00;0,03%;0,03%;0,03%;0,03%;0,01%;0,00%;0,00%;0,03%;0,00%;0,03%;0,03%;R$ 1.001.230.351,68;R$ 13,31;34.0;;;;;10,30%;;10
11;NEWU11;Lajes Corporativas;R$ 33,85;33.0;R$ 0,00;0,00%;0,00%;0,56%;16,63%;0,00%;0,09%;1,39%;0,61%;-4,04%;-4,04%;-31,62%;R$ 48.010.260,81;R$ 64,70;52.0;;;;;63,20%;;3
12;PRSV11;Lajes Corporativas;R$ 112,00;5.0;R$ 1,62;0,42%;1,53%;2,91%;5,95%;0,51%;0,48%;0,50%;4,46%;5,30%;5,74%;-11,25%;R$ 47.475.350,20;R$ 243,46;46.0;;;;;40,90%;;2
13;FAMB11B;Lajes Corporativas;R$ 784,00;41.0;R$ 9,16;0,56%;2,17%;4,78%;10,43%;0,72%;0,80%;0,87%;8,82%;-47,80%;-47,51%;-47,80%;R$ 322.048.422,38;R$ 3.072,98;26.0;;;;;100,00%;;1
14;FMOF11;Lajes Corporativas;R$ 62,01;34.0;R$ 0,64;;;;;;;;;;;;R$ 62.318.640,77;R$ 122,67;51.0;;;;;52,08%;;1
15;HGRS11;Residencial;;;R$ 0,00;0,00%;0,00%;0,00%;0,00%;0,00%;0,00%;0,00%;;0,00%;0,00%;0,00%;R$ 151.091.806,51;R$ 101,20;;;;;;;;0
16;KNRE11;Residencial;R$ 0,96;2823.0;R$ 0,00;0,00%;0,00%;0,00%;0,00%;0,00%;0,00%;0,00%;0,00%;0,00%;0,00%;0,00%;R$ 21.319.344,49;R$ 1,15;84.0;;;;;;;0
17;RBDS11;Residencial;R$ 3,71;98.0;R$ 0,00;0,00%;0,00%;0,00%;0,00%;0,00%;0,00%;0,00%;0,00%;0,00%;0,00%;0,00%;R$ 2.801.649,45;R$ 22,14;17.0;;;;;;;0
18;WTSP11B;Híbrido;R$ 35,06;22.0;R$ 0,32;0,76%;2,57%;4,67%;6,85%;0,86%;0,78%;0,57%;0,76%;0,00%;0,76%;0,76%;R$ 81.474.663,30;R$ 82,08;43.0;;;;;;;0
19;OULG11;Outros;R$ 42,42;408.0;R$ 0,17;0,38%;1,14%;3,40%;8,03%;0,38%;0,57%;0,67%;1,50%;3,09%;3,48%;-3,91%;R$ 180.654.620,72;R$ 72,81;58.0;;;;;0,00%;;2
20;VXXV11;Outros;R$ 910,00;5495.0;R$ 10,76;;;;;;;;;;;;R$ 215.180.987,40;R$ 814,46;112.0;;;;;;;0
21;BICE11;Títulos e Val. Mob.;R$ 1.000,00;24.0;R$ 5,40;0,00%;0,00%;0,00%;0,00%;0,00%;0,00%;0,00%;;0,00%;0,00%;0,00%;R$ 20.825.253,17;R$ 988,34;101.0;;;;;;;0
22;HRDF11;Híbrido;R$ 1,04;2130.0;R$ 6,80;;;;;;;;;;;;R$ 8.696.803,65;R$ 1,15;91.0;;;;;;;0
23;CJCT11;Lajes Corporativas;R$ 81,89;1539.0;R$ 0,00;;;;;;;;;;;;R$ 185.924.372,71;R$ 64,78;126.0;;;;;59,00%;;1
24;LFTT11;Residencial;R$ 94,00;61.0;R$ 0,75;;;;;;;;;;;;R$ 387.300.227,89;R$ 53,02;177.0;6,92%;-12,09%;-6,00%;-69,33%;;;0
25;HCRI11;Hospital;R$ 240,99;49.0;R$ 2,49;0,88%;2,36%;4,77%;9,33%;0,79%;0,80%;0,78%;1,62%;-18,08%;-17,35%;-16,74%;R$ 51.810.193,32;R$ 259,05;93.0;;;;;0,00%;;1
26;DRIT11B;Lajes Corporativas;R$ 86,48;7.0;R$ 0,33;0,28%;0,80%;0,00%;0,00%;0,27%;0,00%;0,00%;1,28%;5,78%;6,07%;-7,42%;R$ 58.069.142,62;R$ 125,34;69.0;;;;;10,47%;;6
27;CTXT11;Lajes Corporativas;R$ 12,78;206.0;R$ 0,09;0,39%;0,78%;1,36%;5,53%;0,26%;0,23%;0,46%;1,36%;-2,58%;-2,20%;-39,31%;R$ 116.560.622,53;R$ 40,15;32.0;;;;;97,00%;;1
28;GESE11B;Outros;R$ 1.520,00;300.0;R$ 12,60;0,00%;0,00%;0,00%;0,00%;0,00%;0,00%;0,00%;;0,00%;0,00%;0,00%;R$ 86.540.717,02;R$ 1.664,24;91.0;;;;;;;0
29;SRVD11;Títulos e Val. Mob.;R$ 7,10;47.0;R$ 0,10;1,01%;0,00%;0,00%;0,00%;0,00%;0,00%;0,00%;1,01%;0,00%;1,01%;1,01%;R$ 71.733.167,06;R$ 0,75;953.0;;;;;;;0
30;RBIR11;Residencial;R$ 70,25;218.0;R$ 0,00;0,00%;0,00%;0,00%;0,00%;0,00%;0,00%;0,00%;0,00%;0,00%;0,00%;0,00%;R$ 146.657.061,56;R$ 95,94;73.0;;;;;;;0
31;CARE11;Híbrido;R$ 4,09;13485.0;R$ 0,00;0,23%;0,66%;1,36%;1,60%;0,22%;0,23%;0,13%;1,36%;-2,63%;-2,41%;5,65%;R$ 293.084.042,50;R$ 8,19;50.0;;;;;;;0
32;CXAG11;Outros;R$ 79,60;1366.0;R$ 0,75;0,96%;0,00%;0,00%;0,00%;0,00%;0,00%;0,00%;2,90%;0,65%;1,62%;6,33%;R$ 239.969.301,40;R$ 114,78;69.0;;;;;;;0
33;VJFD11;Híbrido;;;R$ 0,86;0,00%;0,00%;0,00%;0,00%;0,00%;0,00%;0,00%;;0,00%;0,00%;0,00%;R$ 646.731.025,31;R$ 132,63;;;;;;;;0
34;RBGS11;Shoppings;R$ 28,45;5157.0;R$ 0,18;0,62%;1,59%;2,73%;5,12%;0,53%;0,46%;0,43%;5,12%;-1,90%;-1,29%;-28,71%;R$ 97.865.283,71;R$ 90,78;31.0;0,18%;0,00%;0,18%;1,17%;13,00%;;1
35;YUFI11B;Residencial;;;R$ 0,60;0,00%;0,00%;0,00%;0,00%;0,00%;0,00%;0,00%;;0,00%;0,00%;0,00%;R$ 41.706.771,81;R$ 105,55;;0,48%;2,41%;2,90%;5,70%;;;0
36;BPML11;Shoppings;R$ 62,50;148.0;R$ 0,15;0,23%;0,95%;2,59%;0,00%;0,32%;0,43%;0,00%;1,49%;-7,36%;-7,14%;1,82%;R$ 540.961.727,13;R$ 125,66;50.0;;;;;5,80%;;7
37;TORD11;Outros;R$ 8,06;109581.0;R$ 0,17;1,94%;3,98%;6,33%;12,27%;1,33%;1,06%;1,02%;6,33%;-6,41%;-4,59%;-3,33%;R$ 494.592.924,55;R$ 14,11;57.0;;;;;;;0
38;EVBI11;Híbrido;R$ 98,84;52.0;R$ 0,75;0,77%;2,28%;4,69%;9,08%;0,76%;0,78%;0,76%;4,69%;-1,00%;-0,24%;10,29%;R$ 139.260.195,05;R$ 99,63;99.0;;;;;0,00%;;4
39;BBPO11;Lajes Corporativas;R$ 89,80;21378.0;R$ 0,92;1,16%;3,33%;6,35%;11,76%;1,11%;1,06%;0,98%;7,30%;-1,06%;0,09%;-9,02%;R$ 1.593.557.059,28;R$ 100,10;90.0;0,92%;-0,01%;0,91%;11,39%;0,00%;0,00%;64
40;EDFO11B;Lajes Corporativas;R$ 195,00;9.0;R$ 1,68;0,88%;2,44%;4,56%;8,36%;0,81%;0,76%;0,70%;5,21%;-5,48%;-4,65%;-6,92%;R$ 45.703.432,14;R$ 193,66;101.0;0,87%;0,94%;1,82%;5,04%;7,10%;;1
41;VOTS11;Títulos e Val. Mob.;R$ 87,92;23.0;R$ 1,15;1,28%;4,21%;8,26%;13,11%;1,40%;1,38%;1,09%;9,30%;0,11%;1,39%;17,43%;R$ 78.264.582,86;R$ 94,53;93.0;1,22%;-0,67%;0,54%;5,28%;;;0
42;BBIM11;Títulos e Val. Mob.;;;R$ 0,18;0,00%;0,00%;0,00%;0,00%;0,00%;0,00%;0,00%;;0,00%;0,00%;0,00%;R$ 44.788.663,66;R$ 43,27;;0,42%;-12,56%;-12,20%;-5,73%;;;0
43;RBHY11;Títulos e Val. Mob.;R$ 97,00;2128.0;R$ 1,45;1,47%;4,48%;8,35%;16,32%;1,49%;1,39%;1,36%;9,42%;-0,68%;0,79%;5,08%;R$ 183.783.821,03;R$ 97,06;100.0;1,49%;-0,72%;0,76%;9,58%;;;0
44;KNIP11;Títulos e Val. Mob.;R$ 93,84;69685.0;R$ 1,04;1,07%;4,21%;8,25%;16,08%;1,40%;1,37%;1,34%;9,55%;-4,25%;-3,22%;2,44%;R$ 7.610.256.433,21;R$ 94,80;99.0;1,10%;-1,35%;-0,27%;7,21%;;;0
45;KNHY11;Títulos e Val. Mob.;R$ 97,12;35771.0;R$ 1,16;1,18%;4,08%;7,81%;15,33%;1,36%;1,30%;1,28%;9,03%;-5,72%;-4,61%;0,36%;R$ 1.785.396.476,42;R$ 96,56;101.0;1,20%;-0,81%;0,38%;7,72%;;;0
46;KNRI11;Híbrido;R$ 153,18;32195.0;R$ 0,91;0,67%;1,94%;3,76%;7,20%;0,65%;0,63%;0,60%;4,37%;3,44%;4,13%;7,27%;R$ 3.860.148.592,90;R$ 159,79;96.0;0,57%;0,01%;0,58%;5,22%;2,00%;6,72%;20
47;KINP11;Residencial;R$ 13,99;3677.0;R$ 0,27;2,04%;7,29%;13,22%;0,00%;2,43%;2,20%;0,00%;11,87%;0,00%;2,04%;2,81%;R$ 42.851.422,47;R$ 5,99;233.0;4,43%;-6,81%;-2,68%;10,06%;;;0
48;VCJR11;Títulos e Val. Mob.;R$ 92,51;6629.0;R$ 1,00;1,07%;4,14%;7,91%;15,83%;1,38%;1,32%;1,32%;9,18%;-8,03%;-7,04%;4,14%;R$ 1.377.026.269,06;R$ 93,52;99.0;1,07%;-0,62%;0,44%;8,95%;;;0
49;JGPX11;Híbrido;R$ 98,88;567.0;R$ 0,98;0,99%;3,43%;7,01%;0,00%;1,14%;1,17%;0,00%;8,09%;-0,20%;0,79%;10,18%;R$ 81.070.456,27;R$ 95,59;103.0;1,03%;-0,28%;0,74%;7,82%;;;0
50;BARI11;Títulos e Val. Mob.;R$ 99,13;15393.0;R$ 1,40;1,40%;4,32%;7,73%;14,54%;1,44%;1,29%;1,21%;8,78%;-0,65%;0,73%;4,36%;R$ 473.301.722,34;R$ 102,13;97.0;1,37%;-0,21%;1,16%;6,66%;;;0
51;HGRU11;Híbrido;R$ 124,49;32541.0;R$ 0,82;0,69%;2,39%;4,51%;8,38%;0,80%;0,75%;0,70%;5,17%;0,60%;1,29%;9,50%;R$ 2.176.483.482,74;R$ 118,25;105.0;0,69%;-0,01%;0,68%;4,73%;0,00%;0,00%;17
52;ARRI11;Títulos e Val. Mob.;R$ 9,40;61169.0;R$ 1,31;1,43%;4,11%;8,05%;16,20%;1,37%;1,34%;1,35%;9,36%;-5,53%;-4,18%;-0,02%;R$ 108.835.561,27;R$ 92,37;10.0;1,42%;-1,26%;0,14%;7,14%;;;0
53;JSAF11;Títulos e Val. Mob.;R$ 85,00;8879.0;R$ 0,93;1,16%;3,40%;6,70%;0,00%;1,13%;1,12%;0,00%;7,79%;-2,22%;-1,08%;4,54%;R$ 151.169.267,42;R$ 96,10;88.0;0,97%;0,31%;1,28%;5,29%;;;0
54;XPSF11;Outros;R$ 7,73;107752.0;R$ 0,07;0,99%;2,94%;5,73%;10,95%;0,98%;0,96%;0,91%;6,55%;1,27%;2,27%;-90,34%;R$ 368.560.312,64;R$ 8,51;91.0;0,83%;-0,02%;0,81%;-89,80%;;;0
55;JSRE11;Híbrido;R$ 87,75;92795.0;R$ 0,49;0,65%;1,92%;3,91%;8,01%;0,64%;0,65%;0,67%;4,58%;-0,32%;0,33%;-0,54%;R$ 2.356.969.687,19;R$ 113,49;77.0;0,43%;-0,09%;0,34%;2,63%;14,80%;13,40%;5
56;ITIT11;Títulos e Val. Mob.;R$ 71,97;709.0;R$ 0,62;0,87%;2,36%;4,70%;8,81%;0,79%;0,78%;0,73%;5,43%;-1,31%;-0,44%;3,63%;R$ 69.574.525,62;R$ 77,26;93.0;0,80%;0,50%;1,30%;0,89%;;;0
57;ITIP11;Títulos e Val. Mob.;R$ 80,94;480.0;R$ 1,02;1,26%;3,73%;7,24%;13,85%;1,24%;1,21%;1,15%;8,48%;-3,24%;-2,02%;8,23%;R$ 64.144.364,89;R$ 85,74;94.0;1,19%;-1,30%;-0,13%;4,46%;;;0
58;HOSI11;Híbrido;R$ 65,82;365.0;R$ 0,56;0,85%;1,68%;3,17%;6,98%;0,56%;0,53%;0,58%;3,68%;-5,01%;-4,20%;-6,21%;R$ 52.936.715,00;R$ 92,31;71.0;0,61%;-0,08%;0,53%;2,41%;;;2
59;CACR11;Híbrido;R$ 101,87;3651.0;R$ 1,52;1,56%;3,17%;7,26%;14,94%;1,06%;1,21%;1,24%;8,65%;-6,48%;-5,02%;-0,88%;R$ 186.160.308,80;R$ 103,00;99.0;1,48%;-0,50%;0,97%;31,17%;;;0
60;BPFF11;Títulos e Val. Mob.;R$ 69,20;8659.0;R$ 0,75;1,14%;3,54%;6,40%;11,54%;1,18%;1,07%;0,96%;7,28%;3,12%;4,29%;3,06%;R$ 341.048.446,43;R$ 75,92;91.0;0,99%;-0,99%;-0,02%;1,94%;;;0
61;LUGG11;Residencial;R$ 78,55;919.0;R$ 0,56;0,70%;2,06%;4,19%;7,70%;0,69%;0,70%;0,64%;4,80%;-2,32%;-1,63%;-3,20%;R$ 115.057.914,84;R$ 127,84;61.0;0,44%;-0,04%;0,40%;5,60%;2,40%;;4
62;URPR11;Outros;R$ 103,70;36579.0;R$ 1,20;1,10%;4,56%;9,09%;18,27%;1,52%;1,51%;1,52%;10,44%;-2,71%;-1,64%;0,46%;R$ 989.467.692,31;R$ 100,37;103.0;1,20%;0,58%;1,79%;18,04%;;;0
63;HGIC11;Títulos e Val. Mob.;R$ 109,50;79.0;R$ 1,01;0,95%;2,90%;5,75%;11,44%;0,97%;0,96%;0,95%;6,68%;-5,15%;-4,25%;6,58%;R$ 34.174.234,59;R$ 118,50;92.0;0,85%;3,26%;4,14%;17,08%;;;0
64;SPVJ11;Outros;;;R$ 0,68;0,00%;0,00%;0,00%;0,00%;0,00%;0,00%;0,00%;;0,00%;0,00%;0,00%;R$ 677.158.890,81;R$ 107,28;;0,63%;-0,14%;0,50%;4,07%;;;0
65;SPTW11;Lajes Corporativas;R$ 43,01;4545.0;R$ 0,40;0,96%;2,81%;5,51%;12,28%;0,94%;0,92%;1,02%;6,40%;-3,38%;-2,44%;-2,39%;R$ 95.270.420,26;R$ 52,99;81.0;0,75%;0,07%;0,83%;5,09%;0,00%;;1
66;PATL11;Híbrido;R$ 80,00;18687.0;R$ 0,58;0,79%;2,30%;4,56%;9,41%;0,77%;0,76%;0,78%;5,33%;-5,48%;-4,73%;1,88%;R$ 488.059.611,03;R$ 97,78;82.0;0,59%;-0,09%;0,50%;4,01%;0,00%;0,00%;4
67;QAMI11;Híbrido;R$ 87,58;211.0;R$ 1,00;1,14%;4,22%;7,87%;16,30%;1,41%;1,31%;1,36%;9,15%;-4,46%;-3,37%;-2,77%;R$ 73.835.103,76;R$ 92,13;95.0;1,09%;-0,88%;0,19%;9,23%;;;0
68;PLCR11;Híbrido;R$ 85,10;5147.0;R$ 1,19;1,44%;4,11%;7,74%;14,30%;1,37%;1,29%;1,19%;8,93%;-2,64%;-1,25%;2,31%;R$ 194.176.239,76;R$ 92,06;92.0;1,29%;-0,88%;0,41%;6,72%;;;0
69;JFLL11;Residencial;R$ 75,44;1409.0;R$ 0,62;0,93%;2,71%;5,16%;10,11%;0,90%;0,86%;0,84%;5,95%;-4,35%;-3,45%;-10,32%;R$ 150.564.588,39;R$ 100,34;75.0;0,62%;0,03%;0,65%;4,66%;28,00%;;2
70;STRX11;Híbrido;;;R$ 0,75;0,00%;0,00%;0,00%;0,00%;0,00%;0,00%;0,00%;;0,00%;0,00%;0,00%;R$ 226.966.752,93;R$ 140,66;;0,53%;0,01%;0,54%;3,56%;;;0
71;RBRS11;Híbrido;R$ 72,51;22.0;R$ 0,41;0,72%;2,53%;4,60%;8,30%;0,84%;0,77%;0,69%;5,22%;-1,93%;-1,22%;-11,25%;R$ 147.033.252,03;R$ 90,79;80.0;0,45%;-1,44%;-1,00%;-0,14%;;;0
72;RNGO11;Lajes Corporativas;R$ 54,73;2811.0;R$ 0,40;0,87%;2,64%;4,88%;8,73%;0,88%;0,81%;0,73%;5,57%;-0,13%;0,73%;-4,27%;R$ 234.662.553,74;R$ 87,69;62.0;0,46%;0,11%;0,56%;3,34%;24,10%;;3
73;RZAG11;Títulos e Val. Mob.;R$ 10,25;116260.0;R$ 0,14;1,33%;3,88%;7,25%;0,00%;1,29%;1,21%;0,00%;8,37%;0,99%;2,33%;12,43%;R$ 289.108.319,33;R$ 9,53;108.0;1,42%;0,01%;1,43%;9,01%;;;0
74;XPCM11;Lajes Corporativas;R$ 14,21;6335.0;R$ 0,12;0,88%;3,04%;6,04%;10,76%;1,01%;1,01%;0,90%;6,83%;-9,33%;-8,53%;-23,91%;R$ 127.310.569,38;R$ 52,73;27.0;0,23%;-0,47%;-0,25%;-1,55%;100,00%;;1
75;XPHT11;Hotel;R$ 112,00;610.0;R$ 0,54;0,49%;1,21%;1,99%;4,55%;0,40%;0,33%;0,38%;1,31%;2,09%;2,59%;13,65%;R$ 357.911.232,04;R$ 94,07;119.0;0,57%;0,01%;0,58%;1,57%;64,90%;;5
76;LVBI11;Logística;R$ 108,49;13381.0;R$ 0,74;0,75%;2,23%;4,40%;8,54%;0,74%;0,73%;0,71%;4,40%;-0,02%;0,73%;4,14%;R$ 1.360.439.203,91;R$ 115,53;94.0;0,64%;0,63%;1,28%;2,48%;0,50%;0,00%;10
77;NSLU11;Hospital;R$ 160,00;977.0;R$ 0,46;0,30%;1,73%;4,40%;9,10%;0,58%;0,73%;0,76%;1,06%;0,00%;0,30%;1,06%;R$ 238.028.433,66;R$ 207,92;77.0;;;;;0,00%;;1
78;PVBI11;Lajes Corporativas;R$ 95,80;31461.0;R$ 0,56;0,61%;1,81%;3,64%;7,41%;0,60%;0,61%;0,62%;3,64%;-0,41%;0,20%;7,24%;R$ 996.236.330,26;R$ 99,23;97.0;0,56%;0,10%;0,66%;1,65%;0,10%;;4
79;PQDP11;Shoppings;R$ 2.180,00;55.0;R$ 14,24;0,72%;2,12%;4,44%;8,35%;0,71%;0,74%;0,70%;4,44%;-0,98%;-0,26%;1,92%;R$ 815.397.327,57;R$ 3.321,20;66.0;0,43%;-1,05%;-0,63%;0,27%;3,60%;;1
80;VVPR11;Híbrido;R$ 99,46;246.0;R$ 0,85;0,86%;2,45%;4,95%;9,56%;0,82%;0,83%;0,80%;4,95%;1,94%;2,81%;11,28%;R$ 238.445.073,76;R$ 103,41;96.0;0,74%;0,02%;0,76%;1,53%;0,00%;;6
81;FIIB11;Híbrido;R$ 473,51;853.0;R$ 3,50;0,78%;2,32%;4,49%;8,86%;0,77%;0,75%;0,74%;4,49%;5,65%;6,47%;1,66%;R$ 312.880.251,65;R$ 456,76;104.0;;;;;6,28%;;1
82;BBRC11;Outros;R$ 103,30;601.0;R$ 0,99;1,01%;2,99%;5,86%;11,09%;1,00%;0,98%;0,92%;6,75%;-2,29%;-1,31%;4,50%;R$ 169.963.038,66;R$ 106,89;97.0;0,93%;0,10%;1,03%;5,61%;5,37%;1,08%;20
83;RBVO11;Outros;R$ 10,82;541.0;R$ 0,03;0,27%;0,72%;1,75%;3,86%;0,24%;0,29%;0,32%;2,12%;-2,81%;-2,54%;-8,00%;R$ 8.932.917,24;R$ 17,32;62.0;0,17%;-19,74%;-19,61%;-23,15%;;;0
84;MFII11;Híbrido;R$ 94,80;11596.0;R$ 1,10;1,17%;3,45%;6,74%;13,27%;1,15%;1,12%;1,11%;7,81%;-1,26%;-0,11%;-7,90%;R$ 416.830.531,97;R$ 100,52;94.0;1,09%;0,39%;1,49%;-0,44%;;;9
85;MFAI11;Híbrido;R$ 64,80;212.0;R$ 0,51;0,83%;2,26%;5,81%;11,73%;0,75%;0,97%;0,98%;7,11%;-4,65%;-3,86%;-12,28%;R$ 22.677.027,07;R$ 73,33;88.0;0,70%;3,46%;4,18%;-5,64%;;;0
86;RBHG11;Títulos e Val. Mob.;R$ 88,20;3297.0;R$ 1,30;1,50%;4,60%;8,37%;15,66%;1,53%;1,40%;1,31%;9,44%;-0,62%;0,87%;7,26%;R$ 164.896.924,63;R$ 95,45;92.0;1,36%;-0,81%;0,54%;7,94%;;;0
87;RMAI11;Lajes Corporativas;R$ 45,97;102.0;R$ 0,26;0,73%;2,29%;4,44%;5,52%;0,76%;0,74%;0,46%;5,52%;6,32%;7,10%;-6,24%;R$ 264.765.842,12;R$ 108,34;42.0;0,24%;-0,10%;0,14%;1,37%;23,44%;;1
88;KNCR11;Títulos e Val. Mob.;R$ 102,66;91574.0;R$ 1,15;1,12%;3,21%;5,97%;9,92%;1,07%;0,99%;0,83%;6,79%;0,52%;1,65%;9,76%;R$ 4.447.594.100,11;R$ 101,40;101.0;1,13%;0,31%;1,45%;7,48%;;;0
89;KNSC11;Títulos e Val. Mob.;R$ 86,19;45855.0;R$ 0,91;1,00%;3,59%;7,00%;14,86%;1,20%;1,17%;1,24%;8,26%;-3,01%;-2,04%;-0,42%;R$ 1.171.973.199,00;R$ 88,28;98.0;1,03%;-0,52%;0,51%;6,56%;;;0
90;KNCA11;Títulos e Val. Mob.;R$ 106,84;7541.0;R$ 1,21;1,14%;3,63%;0,00%;0,00%;1,21%;0,00%;0,00%;6,85%;-1,05%;0,07%;3,39%;R$ 817.507.414,14;R$ 100,93;106.0;1,20%;0,00%;1,20%;6,84%;;;0
91;BCIA11;Títulos e Val. Mob.;R$ 91,98;3335.0;R$ 0,74;0,89%;2,67%;5,14%;9,64%;0,89%;0,86%;0,80%;5,88%;-0,27%;0,63%;1,23%;R$ 381.232.837,73;R$ 102,51;90.0;0,72%;-0,57%;0,15%;3,09%;;;0
92;HSML11;Shoppings;R$ 90,00;45273.0;R$ 0,65;0,84%;2,44%;4,71%;8,75%;0,81%;0,78%;0,73%;5,43%;-0,26%;0,58%;7,76%;R$ 1.560.544.208,08;R$ 98,89;91.0;0,66%;0,00%;0,66%;3,00%;4,50%;;6
93;KISU11;Títulos e Val. Mob.;R$ 8,16;134944.0;R$ 0,07;0,89%;3,20%;5,75%;10,42%;1,07%;0,96%;0,87%;6,55%;3,41%;4,33%;3,46%;R$ 389.895.395,95;R$ 8,82;92.0;0,79%;0,01%;0,80%;-0,77%;;;0
94;HUSC11;Outros;R$ 106,03;184.0;R$ 0,99;0,96%;2,94%;4,92%;8,24%;0,98%;0,82%;0,69%;5,27%;0,49%;1,45%;-3,28%;R$ 113.457.138,03;R$ 142,78;74.0;0,69%;-0,11%;0,58%;2,66%;;;0
95;RBFF11;Títulos e Val. Mob.;R$ 59,60;4611.0;R$ 0,50;0,88%;2,85%;5,61%;10,59%;0,95%;0,94%;0,88%;6,46%;6,60%;7,55%;8,76%;R$ 238.008.867,55;R$ 63,48;94.0;0,79%;-0,33%;0,46%;2,43%;;;0
96;HPDP11;Shoppings;R$ 87,88;1.0;R$ 0,45;0,55%;1,63%;3,27%;6,28%;0,54%;0,55%;0,52%;3,81%;-0,64%;-0,10%;1,93%;R$ 276.087.778,59;R$ 94,91;93.0;0,47%;-0,14%;0,34%;3,52%;2,00%;;1
97;VISC11;Shoppings;R$ 110,77;24112.0;R$ 0,71;0,70%;2,09%;4,14%;7,96%;0,70%;0,69%;0,66%;4,82%;-0,11%;0,59%;5,32%;R$ 2.030.121.088,07;R$ 114,72;97.0;0,62%;-0,11%;0,51%;3,03%;8,30%;;15
98;HFOF11;Títulos e Val. Mob.;R$ 75,40;26005.0;R$ 0,62;0,89%;2,57%;4,94%;9,31%;0,86%;0,82%;0,78%;5,70%;-1,03%;-0,14%;-7,17%;R$ 1.890.308.886,98;R$ 82,19;92.0;0,75%;0,05%;0,80%;2,04%;;;0
99;HAAA11;Lajes Corporativas;R$ 88,04;14.0;R$ 0,54;0,60%;1,85%;3,55%;6,94%;0,62%;0,59%;0,58%;4,11%;-4,27%;-3,69%;-2,14%;R$ 310.890.883,83;R$ 89,98;98.0;0,60%;-0,32%;0,28%;-1,05%;17,00%;;1
100;RBRD11;Híbrido;R$ 40,68;647.0;R$ 0,30;0,78%;2,63%;6,59%;8,74%;0,88%;1,10%;0,73%;7,00%;0,05%;0,84%;-4,59%;R$ 128.651.605,45;R$ 69,47;59.0;0,43%;-0,53%;-0,10%;0,61%;15,52%;;4
101;SADI11;Títulos e Val. Mob.;R$ 90,25;1988.0;R$ 1,04;1,14%;3,46%;6,43%;10,55%;1,15%;1,07%;0,88%;7,32%;-0,30%;0,84%;8,87%;R$ 318.671.042,30;R$ 101,14;89.0;1,03%;0,34%;1,37%;7,44%;;;0
102;VIUR11;Títulos e Val. Mob.;R$ 8,18;62398.0;R$ 0,07;1,03%;2,98%;5,92%;11,06%;0,99%;0,99%;0,92%;6,84%;-2,37%;-1,37%;-90,14%;R$ 254.972.381,80;R$ 9,46;86.0;0,76%;-0,10%;0,66%;-89,68%;0,00%;;6
103;NVIF11B;Outros;;;R$ 0,44;0,00%;0,00%;0,00%;0,00%;0,00%;0,00%;0,00%;;0,00%;0,00%;0,00%;R$ 88.395.166,22;R$ 261,99;;0,17%;1,36%;1,53%;3,64%;;;0
104;VINO11;Lajes Corporativas;R$ 50,70;33161.0;R$ 0,34;0,77%;2,23%;4,33%;9,80%;0,74%;0,72%;0,82%;4,99%;0,09%;0,86%;-10,12%;R$ 890.971.217,04;R$ 53,79;94.0;0,63%;-0,40%;0,23%;1,38%;4,20%;;9
105;RBCO11;Lajes Corporativas;R$ 45,69;6721.0;R$ 0,35;0,90%;2,73%;4,99%;9,50%;0,91%;0,83%;0,79%;5,62%;-2,00%;-1,11%;-26,18%;R$ 322.783.969,76;R$ 85,42;53.0;0,41%;-0,26%;0,14%;-12,66%;46,00%;50,00%;4
106;FIIP11B;Logística;R$ 158,02;543.0;R$ 1,35;0,90%;2,56%;4,92%;9,46%;0,85%;0,82%;0,79%;5,71%;-2,67%;-1,79%;-3,19%;R$ 172.588.674,74;R$ 186,15;85.0;0,73%;0,07%;0,80%;-2,75%;0,00%;;7
107;PATC11;Lajes Corporativas;R$ 71,70;2197.0;R$ 0,92;1,38%;2,32%;3,70%;6,53%;0,77%;0,62%;0,54%;4,16%;-1,42%;-0,06%;6,30%;R$ 302.486.453,09;R$ 86,99;82.0;0,37%;-0,20%;0,17%;3,03%;21,90%;18,90%;6
108;VLOL11;Lajes Corporativas;R$ 105,50;20455.0;R$ 0,59;0,60%;1,76%;3,50%;6,58%;0,59%;0,58%;0,55%;4,05%;-0,53%;0,07%;9,16%;R$ 184.957.924,24;R$ 103,63;102.0;0,57%;0,08%;0,65%;2,89%;0,00%;;1
109;AIEC11;Lajes Corporativas;R$ 80,17;3260.0;R$ 0,72;0,98%;2,92%;6,27%;11,09%;0,97%;1,04%;0,92%;7,05%;-3,94%;-2,99%;0,53%;R$ 489.002.250,79;R$ 101,35;79.0;0,71%;0,13%;0,84%;5,03%;0,00%;;2
110;VCRR11;Residencial;R$ 79,40;2210.0;R$ 0,67;0,96%;2,80%;5,52%;10,60%;0,93%;0,92%;0,88%;6,38%;-2,30%;-1,37%;-3,82%;R$ 239.629.500,71;R$ 119,81;66.0;0,56%;0,06%;0,62%;4,14%;;;0
111;HSAF11;Títulos e Val. Mob.;R$ 86,30;4772.0;R$ 1,00;1,07%;3,70%;7,31%;13,85%;1,23%;1,22%;1,15%;8,47%;-1,16%;-0,11%;7,34%;R$ 167.160.244,51;R$ 94,25;92.0;1,06%;-0,24%;0,82%;7,34%;;;0
112;BNFS11;Outros;R$ 119,49;751.0;R$ 1,47;1,26%;3,65%;6,87%;12,79%;1,22%;1,14%;1,07%;7,90%;-0,41%;0,84%;-0,28%;R$ 69.455.272,66;R$ 99,22;120.0;1,48%;0,05%;1,54%;7,06%;0,00%;;18
113;HBRH11;Híbrido;R$ 88,08;998.0;R$ 0,65;0,77%;2,35%;5,03%;10,75%;0,78%;0,84%;0,90%;5,86%;1,45%;2,23%;-1,61%;R$ 313.204.217,59;R$ 112,98;78.0;0,58%;-0,02%;0,56%;4,84%;;;3
114;APTO11;Híbrido;R$ 9,39;4139.0;R$ 0,12;1,23%;3,72%;6,92%;0,00%;1,24%;1,15%;0,00%;7,81%;-1,71%;-0,50%;4,76%;R$ 40.476.276,61;R$ 10,09;93.0;1,19%;-0,29%;0,89%;10,03%;;;0
115;RFOF11;Títulos e Val. Mob.;R$ 73,90;2658.0;R$ 0,67;0,96%;2,88%;5,66%;10,71%;0,96%;0,94%;0,89%;6,54%;-1,20%;-0,25%;1,52%;R$ 87.666.023,96;R$ 81,31;91.0;0,82%;-1,02%;-0,20%;-1,36%;;;0
116;BBFO11;Títulos e Val. Mob.;R$ 77,76;3650.0;R$ 0,89;1,26%;3,63%;6,66%;11,96%;1,21%;1,11%;1,00%;7,77%;0,30%;1,56%;5,13%;R$ 333.679.016,89;R$ 83,34;93.0;1,07%;-0,52%;0,54%;2,74%;;;0
117;VTLT11;Logística;R$ 94,15;1813.0;R$ 0,83;0,93%;2,75%;5,42%;10,24%;0,92%;0,90%;0,85%;6,32%;-1,11%;-0,19%;3,17%;R$ 217.406.243,90;R$ 102,79;92.0;0,81%;0,05%;0,86%;5,28%;0,00%;0,00%;1
118;KFOF11;Títulos e Val. Mob.;R$ 86,09;5382.0;R$ 0,70;0,93%;2,71%;5,32%;9,75%;0,90%;0,89%;0,81%;6,15%;-1,38%;-0,46%;4,70%;R$ 418.012.098,98;R$ 92,21;93.0;0,76%;-0,67%;0,09%;3,22%;;;0
119;JPPA11;Títulos e Val. Mob.;R$ 105,46;3930.0;R$ 1,77;1,74%;5,59%;10,40%;17,47%;1,86%;1,73%;1,46%;11,63%;-4,23%;-2,56%;16,96%;R$ 60.926.897,69;R$ 100,88;105.0;1,75%;-4,88%;-3,21%;7,12%;;;0
120;VRTA11;Títulos e Val. Mob.;R$ 94,00;24404.0;R$ 1,10;1,15%;3,64%;7,10%;13,71%;1,21%;1,18%;1,14%;8,28%;-2,18%;-1,05%;-1,07%;R$ 1.236.753.332,90;R$ 94,03;100.0;1,17%;-1,53%;-0,38%;6,73%;;;0
121;BRCO11;Logística;R$ 105,15;29559.0;R$ 0,65;0,66%;2,09%;3,99%;7,68%;0,70%;0,66%;0,64%;4,64%;0,47%;1,13%;6,65%;R$ 1.758.736.318,15;R$ 119,00;88.0;0,55%;0,06%;0,61%;3,59%;0,00%;0,00%;10
122;OUJP11;Títulos e Val. Mob.;R$ 95,06;7197.0;R$ 1,35;1,43%;4,42%;8,59%;15,07%;1,47%;1,43%;1,26%;9,79%;-2,16%;-0,77%;13,89%;R$ 327.636.851,52;R$ 100,74;94.0;1,34%;-0,50%;0,83%;9,12%;;;0
123;HGFF11;Títulos e Val. Mob.;R$ 79,31;3944.0;R$ 0,65;0,91%;2,62%;5,12%;9,53%;0,87%;0,85%;0,79%;5,88%;0,70%;1,61%;0,04%;R$ 249.656.530,68;R$ 87,18;91.0;0,75%;-0,78%;-0,04%;2,03%;;;0
124;XPCA11;Títulos e Val. Mob.;R$ 10,90;77659.0;R$ 0,14;1,36%;4,13%;8,03%;0,00%;1,38%;1,34%;0,00%;9,07%;0,79%;2,16%;16,33%;R$ 168.021.488,19;R$ 9,50;115.0;1,47%;-0,19%;1,28%;9,33%;;;0
125;CBOP11;Lajes Corporativas;R$ 59,99;386.0;R$ 0,49;0,81%;3,27%;5,67%;13,51%;1,09%;0,94%;1,13%;6,34%;-0,54%;0,26%;-11,24%;R$ 108.207.198,31;R$ 76,47;78.0;0,64%;-0,59%;0,05%;-11,39%;33,59%;30,79%;1
126;HGPO11;Lajes Corporativas;R$ 258,97;351.0;R$ 1,50;0,59%;1,63%;3,19%;6,56%;0,54%;0,53%;0,55%;3,71%;-2,70%;-2,12%;1,27%;R$ 470.128.332,27;R$ 268,18;97.0;0,56%;-0,03%;0,53%;3,68%;4,99%;2,72%;2
127;HGLG11;Logística;R$ 169,49;32085.0;R$ 1,10;0,65%;3,33%;5,33%;9,69%;1,11%;0,89%;0,81%;5,98%;2,41%;3,08%;5,03%;R$ 3.430.789.490,17;R$ 146,26;116.0;0,75%;-0,22%;0,53%;5,35%;6,90%;6,50%;17
128;HGCR11;Títulos e Val. Mob.;R$ 104,00;27816.0;R$ 1,20;1,16%;3,39%;6,42%;11,92%;1,13%;1,07%;0,99%;7,40%;-2,25%;-1,11%;5,25%;R$ 1.491.890.744,95;R$ 101,72;102.0;1,18%;-0,78%;0,39%;8,04%;;;0
129;HGRE11;Lajes Corporativas;R$ 140,77;26158.0;R$ 0,78;0,63%;1,83%;3,53%;8,24%;0,61%;0,59%;0,69%;4,05%;-5,25%;-4,65%;-3,44%;R$ 1.914.484.396,71;R$ 162,00;87.0;0,48%;-0,16%;0,32%;0,90%;27,13%;29,17%;21
130;MXRF11;Híbrido;R$ 10,24;849453.0;R$ 0,12;1,22%;3,37%;6,54%;11,72%;1,12%;1,09%;0,98%;7,53%;1,24%;2,48%;16,07%;R$ 2.302.693.543,19;R$ 10,19;101.0;0,98%;-0,02%;0,96%;2,22%;;;0
131;CXCI11;;R$ 85,40;244.0;R$ 0,83;1,09%;3,09%;0,00%;0,00%;1,03%;0,00%;0,00%;3,88%;-1,23%;-0,16%;-10,16%;R$ 197.247.561,59;R$ 95,86;89.0;0,87%;-0,27%;0,60%;0,77%;;;0
132;XPCI11;Outros;R$ 93,98;21080.0;R$ 1,02;1,09%;3,49%;7,05%;13,11%;1,16%;1,17%;1,09%;8,17%;-1,41%;-0,33%;3,42%;R$ 844.665.897,07;R$ 97,07;97.0;1,05%;-0,37%;0,68%;10,55%;;;0
133;BTSG11;Híbrido;;;R$ 0,88;0,00%;0,00%;0,00%;0,00%;0,00%;0,00%;0,00%;;0,00%;0,00%;0,00%;R$ 103.340.121,81;R$ 133,34;;0,66%;0,00%;0,66%;3,31%;;;0
134;XPPR11;Outros;R$ 49,88;17020.0;R$ 0,35;0,74%;2,27%;4,60%;9,53%;0,76%;0,77%;0,79%;5,30%;-6,04%;-5,35%;-22,29%;R$ 559.121.903,64;R$ 76,42;65.0;0,46%;-0,33%;0,13%;-3,07%;46,00%;0,00%;4
135;XPLG11;Logística;R$ 108,17;41144.0;R$ 0,72;0,74%;2,20%;4,27%;8,10%;0,73%;0,71%;0,67%;4,92%;3,48%;4,25%;3,40%;R$ 3.081.481.314,66;R$ 113,70;95.0;0,63%;0,04%;0,67%;7,90%;8,80%;1,20%;13
136;TEPP11;Lajes Corporativas;R$ 82,74;11638.0;R$ 0,49;0,68%;2,14%;4,22%;8,22%;0,71%;0,70%;0,68%;4,86%;5,29%;6,01%;2,93%;R$ 380.138.260,88;R$ 90,04;92.0;0,54%;-0,14%;0,41%;2,17%;9,06%;18,03%;5
137;CXCE11B;Outros;R$ 39,97;692.0;R$ 0,34;0,92%;2,75%;5,39%;11,78%;0,92%;0,90%;0,98%;6,20%;2,34%;3,28%;-12,79%;R$ 111.339.152,66;R$ 65,00;61.0;0,53%;0,09%;0,62%;-2,89%;0,00%;;1
138;PLOG11;Logística;R$ 76,98;3672.0;R$ 0,75;1,13%;3,22%;6,42%;12,08%;1,07%;1,07%;1,01%;7,46%;-5,76%;-4,70%;-4,40%;R$ 75.240.446,69;R$ 100,32;77.0;0,75%;-0,03%;0,72%;5,50%;20,40%;;1
139;TGAR11;Outros;R$ 126,47;22874.0;R$ 1,58;1,31%;3,96%;7,37%;13,07%;1,32%;1,23%;1,09%;8,31%;4,20%;5,56%;6,52%;R$ 1.389.314.002,85;R$ 122,84;103.0;1,29%;-1,25%;0,02%;0,70%;;;0
140;RZTR11;Híbrido;R$ 103,40;30734.0;R$ 1,25;1,23%;3,68%;7,33%;13,91%;1,23%;1,22%;1,16%;8,53%;0,03%;1,26%;5,95%;R$ 1.087.758.184,80;R$ 98,46;105.0;1,27%;0,26%;1,53%;6,12%;;;10
141;HCHG11;Outros;R$ 82,99;305.0;R$ 0,88;1,07%;3,20%;6,12%;10,73%;1,07%;1,02%;0,89%;7,03%;-0,59%;0,48%;-1,22%;R$ 125.130.892,22;R$ 104,28;80.0;0,84%;-0,48%;0,36%;13,39%;;;0
142;LGCP11;Logística;R$ 83,64;6633.0;R$ 0,62;0,81%;2,36%;4,64%;8,70%;0,79%;0,77%;0,72%;5,36%;-2,85%;-2,07%;-1,21%;R$ 279.067.670,32;R$ 102,12;82.0;0,61%;0,02%;0,62%;4,29%;0,50%;;5
143;HABT11;Títulos e Val. Mob.;R$ 95,34;28477.0;R$ 1,30;1,31%;3,94%;7,48%;14,88%;1,31%;1,25%;1,24%;8,55%;-2,85%;-1,57%;-3,26%;R$ 809.759.890,09;R$ 99,64;96.0;1,30%;0,09%;1,39%;11,29%;;;0
144;BICR11;Títulos e Val. Mob.;R$ 98,00;10.0;R$ 0,55;0,54%;2,08%;4,68%;8,04%;0,69%;0,78%;0,67%;5,19%;3,03%;3,59%;13,87%;R$ 50.225.367,35;R$ 100,45;98.0;0,55%;0,52%;1,07%;6,09%;;;0
145;BCRI11;Títulos e Val. Mob.;R$ 106,00;11638.0;R$ 1,35;1,26%;3,93%;7,42%;13,99%;1,31%;1,24%;1,17%;8,54%;-2,02%;-0,78%;5,35%;R$ 664.352.978,84;R$ 106,16;100.0;1,27%;-0,76%;0,50%;7,27%;;;0
146;RBVA11;Outros;R$ 98,70;10284.0;R$ 1,00;1,11%;3,32%;6,16%;11,46%;1,11%;1,03%;0,96%;7,09%;-0,76%;0,34%;-2,25%;R$ 1.194.682.127,67;R$ 103,09;96.0;0,97%;-0,10%;0,87%;6,68%;0,70%;;72
147;CXCO11;Lajes Corporativas;R$ 78,78;2026.0;R$ 0,72;0,97%;2,90%;5,53%;10,19%;0,97%;0,92%;0,85%;6,34%;-2,24%;-1,29%;-3,24%;R$ 378.686.921,75;R$ 96,49;82.0;0,74%;-0,06%;0,68%;5,53%;;;0
148;SHPH11;Shoppings;R$ 800,00;142.0;R$ 4,48;0,62%;1,43%;2,77%;5,46%;0,48%;0,46%;0,46%;3,37%;-6,86%;-6,28%;-7,63%;R$ 541.097.847,39;R$ 888,58;90.0;0,50%;-0,02%;0,48%;2,65%;10,80%;;1
149;MALL11;Shoppings;R$ 108,07;13871.0;R$ 0,75;0,75%;2,17%;4,32%;8,31%;0,72%;0,72%;0,69%;5,06%;-0,95%;-0,21%;9,30%;R$ 813.345.477,18;R$ 107,58;100.0;0,70%;-0,06%;0,63%;1,77%;4,00%;;8
150;SDIL11;Logística;R$ 95,55;11477.0;R$ 0,76;0,86%;2,56%;5,07%;10,07%;0,85%;0,85%;0,84%;5,95%;0,19%;1,06%;7,93%;R$ 633.720.641,28;R$ 99,10;96.0;0,77%;-0,34%;0,42%;7,24%;2,60%;;5
151;FVPQ11;Shoppings;R$ 115,77;7915.0;R$ 0,72;0,63%;1,92%;3,80%;7,37%;0,64%;0,63%;0,61%;4,83%;-1,23%;-0,61%;17,48%;R$ 557.034.773,89;R$ 198,93;58.0;0,36%;0,27%;0,63%;3,21%;5,50%;;1
152;ABCP11;Shoppings;R$ 73,66;1420.0;R$ 0,53;0,79%;2,38%;4,51%;9,16%;0,79%;0,75%;0,76%;5,55%;-3,37%;-2,61%;-3,92%;R$ 1.119.730.179,17;R$ 91,75;80.0;0,58%;-0,01%;0,56%;4,49%;7,50%;;1
153;CYCR11;Títulos e Val. Mob.;R$ 91,48;11043.0;R$ 1,00;1,06%;3,50%;7,16%;0,00%;1,17%;1,19%;0,00%;8,30%;-7,79%;-6,81%;1,31%;R$ 156.199.659,14;R$ 95,73;96.0;1,07%;-4,38%;-3,35%;5,47%;;;0
154;NEWL11;Híbrido;R$ 101,74;2754.0;R$ 0,90;0,96%;3,63%;6,00%;11,21%;1,21%;1,00%;0,93%;6,78%;1,17%;2,14%;-1,61%;R$ 263.648.181,22;R$ 129,68;78.0;0,69%;11,86%;12,63%;18,42%;0,00%;;2
155;RBED11;Outros;R$ 134,10;1062.0;R$ 1,18;1,02%;2,98%;5,73%;10,71%;0,99%;0,96%;0,89%;6,67%;-1,84%;-0,84%;3,06%;R$ 284.863.444,53;R$ 140,91;95.0;0,84%;-0,65%;0,18%;5,35%;0,00%;;5
156;HREC11;Títulos e Val. Mob.;R$ 97,97;38.0;R$ 1,10;1,12%;3,90%;6,83%;12,11%;1,30%;1,14%;1,01%;7,77%;1,80%;2,94%;10,53%;R$ 422.021.345,84;R$ 90,63;108.0;1,21%;-1,35%;-0,15%;6,93%;;;0
157;PQAG11;Logística;R$ 57,10;111.0;R$ 0,42;0,74%;2,17%;4,25%;7,93%;0,72%;0,71%;0,66%;4,94%;-0,11%;0,63%;6,07%;R$ 801.813.893,38;R$ 57,31;100.0;0,73%;0,00%;0,74%;5,89%;0,00%;;1
158;NVHO11;Hospital;R$ 10,25;267.0;R$ 0,08;0,73%;2,04%;3,56%;7,11%;0,68%;0,59%;0,59%;2,91%;0,00%;0,73%;5,10%;R$ 528.046.888,61;R$ 12,73;81.0;0,61%;0,04%;0,65%;3,47%;;;1
159;HLOG11;Logística;R$ 94,73;843.0;R$ 0,65;0,74%;2,24%;4,37%;8,19%;0,75%;0,73%;0,68%;5,07%;-0,17%;0,57%;-1,41%;R$ 471.564.022,75;R$ 110,96;85.0;0,59%;0,17%;0,76%;2,61%;58,00%;0,00%;3
160;HGBS11;Shoppings;R$ 206,79;8030.0;R$ 1,30;0,72%;2,22%;4,22%;7,51%;0,74%;0,70%;0,63%;4,91%;4,87%;5,62%;14,24%;R$ 2.163.189.609,42;R$ 216,32;96.0;0,60%;0,05%;0,66%;4,63%;6,50%;;17
161;WPLZ11;Shoppings;R$ 76,00;285.0;R$ 0,45;0,66%;1,64%;2,87%;4,83%;0,55%;0,48%;0,40%;3,22%;-5,50%;-4,88%;-2,08%;R$ 105.001.583,03;R$ 102,87;74.0;0,44%;0,03%;0,46%;2,45%;11,00%;;1
162;BBFI11B;Lajes Corporativas;R$ 1.992,50;161.0;R$ 27,24;1,52%;4,34%;8,16%;15,58%;1,45%;1,36%;1,30%;9,21%;0,03%;1,55%;-14,33%;R$ 370.762.576,82;R$ 2.852,02;70.0;1,12%;0,13%;1,25%;2,11%;39,11%;;2
163;FIGS11;Shoppings;R$ 58,70;7316.0;R$ 0,37;0,76%;2,33%;4,41%;7,97%;0,78%;0,74%;0,66%;5,09%;3,34%;4,12%;-6,31%;R$ 283.566.888,70;R$ 99,50;59.0;0,37%;0,04%;0,41%;2,52%;13,70%;;2
164;SARE11;Híbrido;R$ 77,91;14335.0;R$ 0,65;0,93%;2,80%;5,38%;10,44%;0,93%;0,90%;0,87%;6,25%;4,15%;5,12%;3,44%;R$ 906.170.466,07;R$ 98,13;79.0;0,66%;-0,26%;0,40%;3,47%;6,20%;;3
165;VGHF11;Títulos e Val. Mob.;R$ 9,95;329019.0;R$ 0,12;1,21%;3,93%;8,13%;16,98%;1,31%;1,35%;1,42%;9,68%;-0,90%;0,30%;6,24%;R$ 674.715.085,21;R$ 9,26;107.0;1,30%;0,31%;1,61%;8,19%;;;0
166;VCRI11;;R$ 9,18;153140.0;R$ 0,15;1,60%;0,00%;0,00%;0,00%;0,00%;0,00%;0,00%;3,18%;-1,16%;0,42%;2,01%;R$ 173.529.692,61;R$ 9,76;94.0;1,54%;-0,90%;0,62%;-1,22%;;;0
167;PORD11;Títulos e Val. Mob.;R$ 96,86;12470.0;R$ 1,50;1,54%;4,88%;8,83%;15,23%;1,63%;1,47%;1,27%;10,08%;0,15%;1,69%;15,43%;R$ 366.044.551,48;R$ 98,18;99.0;1,53%;-1,03%;0,48%;5,42%;;;0
168;IDFI11;Híbrido;R$ 74,50;193.0;R$ 0,81;0,98%;4,67%;8,14%;0,00%;1,56%;1,36%;0,00%;9,87%;-0,01%;0,97%;-10,87%;R$ 180.214.602,95;R$ 87,57;85.0;1,48%;-7,89%;-6,53%;-10,00%;;;0
169;VIFI11;Títulos e Val. Mob.;R$ 7,39;49619.0;R$ 0,06;0,87%;2,58%;5,17%;10,19%;0,86%;0,86%;0,85%;6,01%;-0,43%;0,43%;-6,10%;R$ 70.344.348,65;R$ 8,70;85.0;0,69%;-0,48%;0,21%;-70,93%;;;0
170;VILG11;Logística;R$ 107,65;17154.0;R$ 0,72;0,77%;2,22%;4,31%;8,21%;0,74%;0,72%;0,68%;4,99%;-2,16%;-1,40%;-4,18%;R$ 1.700.239.939,88;R$ 113,37;95.0;0,64%;0,00%;0,63%;3,91%;0,00%;;16
171;GALG11;Híbrido;R$ 96,95;9617.0;R$ 0,82;0,89%;2,62%;5,17%;10,11%;0,87%;0,86%;0,84%;6,01%;-0,59%;0,29%;-2,34%;R$ 581.475.469,89;R$ 101,15;96.0;0,81%;-0,21%;0,60%;3,59%;0,00%;0,00%;6
172;BTWR11;Lajes Corporativas;R$ 105,49;278.0;R$ 0,36;0,00%;0,00%;0,00%;0,00%;0,00%;0,00%;0,00%;;0,00%;0,00%;0,52%;R$ 90.161.015,95;R$ 111,41;95.0;0,32%;0,14%;0,46%;5,16%;12,00%;;1
173;HSRE11;Híbrido;R$ 99,99;50021.0;R$ 0,63;0,63%;1,75%;3,43%;7,16%;0,58%;0,57%;0,60%;3,99%;-0,02%;0,61%;4,04%;R$ 818.194.053,73;R$ 96,05;104.0;0,66%;0,06%;0,72%;2,95%;0,00%;;29
174;BBGO11;Títulos e Val. Mob.;R$ 88,95;2998.0;R$ 0,74;0,86%;2,59%;0,00%;0,00%;0,86%;0,00%;0,00%;4,24%;-1,36%;-0,51%;2,37%;R$ 393.054.613,54;R$ 98,14;91.0;0,75%;-0,82%;-0,08%;5,56%;;;0
175;HSLG11;Logística;R$ 95,00;17230.0;R$ 0,68;0,80%;2,33%;4,45%;8,43%;0,78%;0,74%;0,70%;5,15%;0,73%;1,54%;-0,88%;R$ 1.334.993.195,80;R$ 105,45;90.0;0,64%;-0,08%;0,56%;-1,43%;1,10%;;5
176;FPAB11;Lajes Corporativas;R$ 216,38;79.0;R$ 1,60;0,79%;2,37%;4,48%;8,09%;0,79%;0,75%;0,67%;5,14%;3,00%;3,81%;-2,93%;R$ 307.589.060,05;R$ 410,12;53.0;0,39%;0,00%;0,39%;2,81%;33,79%;;1
177;EURO11;Logística;R$ 237,83;69.0;R$ 1,75;0,86%;2,41%;4,91%;9,63%;0,80%;0,82%;0,80%;5,76%;-6,06%;-5,26%;7,49%;R$ 119.976.841,02;R$ 312,49;76.0;0,56%;0,00%;0,56%;4,10%;0,00%;;6
178;PLRI11;Títulos e Val. Mob.;R$ 27,89;329.0;R$ 0,25;0,88%;1,88%;5,94%;10,90%;0,63%;0,99%;0,91%;8,68%;-11,72%;-10,94%;-18,99%;R$ 33.283.579,71;R$ 34,88;80.0;0,71%;-10,57%;-9,93%;-10,81%;;;0
179;RDPD11;Títulos e Val. Mob.;R$ 51,41;47.0;R$ 0,65;1,28%;3,23%;6,83%;11,57%;1,08%;1,14%;0,96%;7,82%;-4,38%;-3,15%;-3,56%;R$ 59.809.937,86;R$ 55,48;93.0;1,17%;-1,78%;-0,63%;0,70%;;;0
180;RNDP11;Títulos e Val. Mob.;R$ 297,00;45.0;R$ 3,10;0,94%;3,12%;5,96%;9,64%;1,04%;0,99%;0,80%;6,63%;9,26%;10,28%;-41,32%;R$ 41.478.009,45;R$ 385,91;77.0;0,80%;0,06%;0,86%;-39,57%;;;0
181;TRXF11;Outros;R$ 107,29;20946.0;R$ 0,85;0,83%;2,76%;5,15%;9,82%;0,92%;0,86%;0,82%;5,94%;4,23%;5,09%;7,29%;R$ 750.854.493,51;R$ 103,64;104.0;0,82%;5,65%;6,52%;9,09%;0,00%;;44
182;QIRI11;Títulos e Val. Mob.;R$ 72,38;1.0;R$ 0,71;0,99%;2,95%;5,37%;9,28%;0,98%;0,90%;0,77%;6,14%;1,98%;2,99%;-14,96%;R$ 12.698.695,90;R$ 84,66;85.0;0,84%;-1,27%;-0,45%;1,55%;;;0
183;RRCI11;Títulos e Val. Mob.;R$ 84,60;2410.0;R$ 1,20;1,41%;4,39%;8,64%;15,52%;1,46%;1,44%;1,29%;9,95%;-5,59%;-4,26%;9,34%;R$ 46.447.218,59;R$ 96,41;88.0;1,24%;-0,64%;0,59%;8,33%;;;0
184;BLMO11;Lajes Corporativas;R$ 23.999,00;1.0;R$ 37,45;0,15%;0,25%;0,41%;0,00%;0,08%;0,07%;0,00%;0,41%;0,86%;1,01%;-3,46%;R$ 111.748.475,02;R$ 29.430,73;82.0;0,13%;0,09%;0,22%;12,62%;0,00%;;1
185;VSHO11;Shoppings;R$ 79,69;2423.0;R$ 0,60;0,76%;2,42%;4,65%;9,29%;0,81%;0,78%;0,77%;5,38%;-0,47%;0,29%;5,62%;R$ 207.065.073,67;R$ 98,66;81.0;0,61%;0,05%;0,66%;0,91%;12,96%;;3
186;GTWR11;Lajes Corporativas;R$ 82,01;6767.0;R$ 0,74;1,05%;3,11%;5,90%;10,84%;1,04%;0,98%;0,90%;6,78%;-0,67%;0,37%;-10,31%;R$ 1.175.430.764,57;R$ 97,95;84.0;0,76%;0,02%;0,78%;4,79%;0,00%;0,00%;1
187;RBLG11;Logística;R$ 94,50;2.0;R$ 0,80;0,92%;2,76%;5,49%;10,37%;0,92%;0,91%;0,86%;5,49%;0,01%;0,93%;5,30%;R$ 66.897.594,99;R$ 104,50;90.0;0,77%;1,72%;2,50%;3,30%;0,00%;;1
188;QAGR11;Outros;R$ 46,93;5852.0;R$ 0,40;0,88%;2,57%;4,94%;9,52%;0,86%;0,82%;0,79%;4,94%;-2,40%;-1,54%;-4,54%;R$ 282.155.571,10;R$ 55,98;84.0;0,71%;-6,21%;-5,54%;-3,78%;;;12
189;CRFF11;Títulos e Val. Mob.;R$ 73,12;95.0;R$ 0,59;0,90%;2,75%;5,16%;8,97%;0,92%;0,86%;0,75%;5,90%;-0,49%;0,41%;0,13%;R$ 58.346.183,81;R$ 84,55;86.0;0,70%;-0,29%;0,41%;3,28%;;;0
190;GGRC11;Logística;R$ 115,12;25968.0;R$ 0,86;0,82%;2,53%;4,98%;9,31%;0,84%;0,83%;0,78%;5,73%;-3,81%;-3,02%;-4,46%;R$ 1.004.288.062,75;R$ 129,44;89.0;0,66%;-3,62%;-2,98%;2,72%;0,00%;0,00%;20
191;CXRI11;Híbrido;R$ 67,52;194.0;R$ 0,55;0,87%;2,74%;5,14%;9,22%;0,91%;0,86%;0,77%;5,88%;-0,33%;0,54%;-3,13%;R$ 129.809.519,46;R$ 82,38;82.0;0,67%;-0,14%;0,53%;1,66%;;;0
192;MGFF11;Títulos e Val. Mob.;R$ 66,10;20374.0;R$ 0,55;0,92%;2,78%;5,58%;10,30%;0,93%;0,93%;0,86%;6,45%;-0,42%;0,50%;1,47%;R$ 688.916.761,45;R$ 76,12;87.0;0,72%;-2,28%;-1,58%;-0,88%;;;0
193;BREV11;Híbrido;R$ 94,00;11.0;R$ 0,61;0,65%;1,82%;3,58%;6,91%;0,61%;0,60%;0,58%;4,16%;-3,11%;-2,48%;2,07%;R$ 106.281.833,13;R$ 109,89;86.0;0,56%;-0,03%;0,52%;3,71%;0,00%;;12
194;FLMA11;Híbrido;R$ 133,71;253.0;R$ 0,92;0,78%;2,23%;4,11%;7,13%;0,74%;0,69%;0,59%;4,73%;5,90%;6,73%;4,43%;R$ 216.789.960,98;R$ 157,02;85.0;0,59%;-0,01%;0,58%;3,81%;11,00%;;2
195;SCPF11;Shoppings;R$ 6,89;890.0;R$ 0,03;0,46%;1,01%;1,46%;3,45%;0,34%;0,24%;0,29%;2,17%;12,47%;12,99%;-30,46%;R$ 52.553.139,87;R$ 12,51;55.0;0,20%;0,14%;0,34%;1,29%;29,30%;;1
196;FATN11;Híbrido;R$ 98,00;2630.0;R$ 0,86;0,88%;2,61%;5,04%;9,40%;0,87%;0,84%;0,78%;5,79%;1,87%;2,77%;1,27%;R$ 101.050.694,23;R$ 101,05;97.0;0,85%;0,33%;1,18%;3,08%;4,30%;;7
197;BIME11;;R$ 9,31;16128.0;R$ 0,16;1,71%;4,93%;8,84%;0,00%;1,64%;1,47%;0,00%;9,87%;-1,47%;0,21%;6,77%;R$ 53.831.862,23;R$ 9,21;101.0;1,74%;-2,68%;-0,99%;4,89%;;;0
198;BLMR11;Títulos e Val. Mob.;R$ 7,57;96990.0;R$ 0,08;1,04%;3,15%;6,19%;11,63%;1,05%;1,03%;0,97%;7,12%;1,41%;2,46%;-3,27%;R$ 202.658.468,89;R$ 7,93;95.0;0,95%;-1,16%;-0,23%;-0,11%;;;0
199;JRDM11;Shoppings;R$ 84,01;88.0;R$ 0,61;0,76%;1,87%;3,66%;7,58%;0,62%;0,61%;0,63%;3,66%;3,61%;4,40%;11,37%;R$ 220.883.480,71;R$ 87,55;96.0;0,56%;0,15%;0,72%;2,22%;2,77%;;1
200;MAXR11;Outros;R$ 79,00;1885.0;R$ 0,66;0,86%;2,45%;4,57%;9,31%;0,82%;0,76%;0,78%;4,57%;-1,58%;-0,74%;-1,25%;R$ 136.153.662,99;R$ 120,96;65.0;0,55%;0,55%;1,10%;2,64%;2,80%;;8
201;BRCR11;Híbrido;R$ 69,20;40929.0;R$ 0,47;0,81%;2,30%;4,48%;8,58%;0,77%;0,75%;0,72%;4,48%;-2,50%;-1,71%;-10,82%;R$ 2.689.411.478,04;R$ 100,96;69.0;;;;;21,00%;25,80%;15
202;NCHB11;Títulos e Val. Mob.;R$ 91,69;3825.0;R$ 1,31;1,40%;4,48%;7,39%;14,19%;1,49%;1,23%;1,18%;8,78%;-3,65%;-2,31%;4,02%;R$ 138.440.850,85;R$ 95,28;96.0;1,47%;0,45%;1,93%;3,33%;;;0
203;XPIN11;Outros;R$ 85,60;7409.0;R$ 0,61;0,85%;2,50%;4,74%;8,91%;0,83%;0,79%;0,74%;5,47%;0,34%;1,19%;-11,53%;R$ 783.044.980,55;R$ 109,51;78.0;0,56%;0,37%;0,93%;3,75%;17,30%;12,00%;5
204;VSLH11;Outros;R$ 8,86;68383.0;R$ 0,07;0,75%;3,54%;7,19%;15,36%;1,18%;1,20%;1,28%;8,32%;0,97%;1,72%;4,50%;R$ 312.012.494,54;R$ 10,45;85.0;0,67%;0,42%;1,09%;14,02%;;;0
205;HCTR11;Outros;R$ 106,66;68983.0;R$ 1,25;1,11%;3,97%;7,94%;15,63%;1,32%;1,32%;1,30%;9,22%;-1,38%;-0,28%;-1,30%;R$ 2.678.908.802,75;R$ 121,30;88.0;1,03%;-0,12%;0,91%;12,63%;;;0
206;SEQR11;Outros;R$ 66,50;2338.0;R$ 0,67;1,02%;3,07%;5,85%;10,87%;1,02%;0,97%;0,91%;6,72%;3,25%;4,31%;-3,61%;R$ 154.662.909,56;R$ 96,15;69.0;0,69%;-0,12%;0,57%;4,83%;0,00%;;0
207;DEVA11;Títulos e Val. Mob.;R$ 97,40;30704.0;R$ 1,25;1,27%;4,27%;8,17%;16,15%;1,42%;1,36%;1,35%;9,38%;-1,40%;-0,15%;4,63%;R$ 1.374.940.910,92;R$ 98,88;99.0;1,26%;0,27%;1,53%;12,43%;;;0
208;BLMG11;Logística;R$ 82,19;4874.0;R$ 0,80;1,05%;3,04%;5,82%;11,39%;1,01%;0,97%;0,95%;6,67%;-1,37%;-0,34%;-13,21%;R$ 348.530.026,26;R$ 91,46;90.0;0,87%;-1,17%;-0,30%;-4,72%;0,00%;0,00%;4
209;BCFF11;Títulos e Val. Mob.;R$ 70,58;44335.0;R$ 0,56;0,82%;2,61%;5,00%;9,36%;0,87%;0,83%;0,78%;5,76%;6,10%;6,97%;0,44%;R$ 1.941.830.242,24;R$ 77,10;92.0;0,78%;-1,49%;-0,73%;0,42%;;;0
210;BTCR11;Títulos e Val. Mob.;R$ 92,45;18060.0;R$ 1,10;1,13%;3,71%;7,52%;13,09%;1,24%;1,25%;1,09%;8,66%;0,65%;1,79%;15,20%;R$ 460.092.226,48;R$ 95,65;97.0;1,31%;-0,97%;0,32%;2,06%;;;0
211;CEOC11;Lajes Corporativas;R$ 61,27;1465.0;R$ 0,50;0,83%;2,47%;4,93%;9,56%;0,82%;0,82%;0,80%;5,75%;1,26%;2,10%;10,66%;R$ 163.633.334,88;R$ 90,12;68.0;0,55%;-0,23%;0,32%;1,25%;0,00%;;1
212;FEXC11;Títulos e Val. Mob.;R$ 86,11;13115.0;R$ 1,05;1,20%;3,84%;7,34%;13,18%;1,28%;1,22%;1,10%;8,41%;-1,19%;0,00%;6,74%;R$ 567.521.520,03;R$ 92,98;93.0;1,29%;-0,56%;0,72%;5,53%;;;0
213;FAED11;Outros;R$ 143,00;285.0;R$ 1,53;1,12%;3,29%;6,34%;11,20%;1,10%;1,06%;0,93%;7,22%;0,37%;1,49%;1,68%;R$ 138.838.503,88;R$ 216,20;66.0;0,71%;0,01%;0,72%;2,03%;0,00%;;3
214;RBRR11;Títulos e Val. Mob.;R$ 95,88;55673.0;R$ 1,10;1,12%;3,58%;6,98%;12,70%;1,19%;1,16%;1,06%;8,04%;-1,89%;-0,79%;3,44%;R$ 1.046.711.585,04;R$ 96,56;99.0;1,24%;-2,21%;-0,99%;1,34%;;;0
215;MGLG11;Logística;R$ 49,50;2977.0;R$ 0,50;1,21%;3,64%;7,13%;11,20%;1,21%;1,19%;0,93%;8,29%;-4,02%;-2,86%;-17,40%;R$ 73.872.096,87;R$ 39,12;127.0;1,28%;-17,42%;-16,36%;-49,65%;0,00%;;3
216;GCRA11;Híbrido;R$ 101,97;1911.0;R$ 1,25;1,22%;4,19%;0,00%;0,00%;1,40%;0,00%;0,00%;8,15%;-0,20%;1,01%;7,16%;R$ 156.409.799,12;R$ 98,82;103.0;1,26%;0,34%;1,61%;9,62%;;;0
217;DVFF11;Híbrido;R$ 78,79;744.0;R$ 0,75;1,13%;3,36%;6,24%;0,00%;1,12%;1,04%;0,00%;7,03%;-5,75%;-4,68%;-19,10%;R$ 100.007.771,70;R$ 90,84;87.0;0,83%;0,08%;0,91%;4,54%;;;0
218;BMLC11;Lajes Corporativas;R$ 97,11;27.0;R$ 0,56;0,57%;2,32%;4,50%;8,90%;0,77%;0,75%;0,74%;5,11%;2,33%;2,91%;14,25%;R$ 109.067.209,47;R$ 109,24;89.0;0,86%;-0,01%;0,85%;1,94%;7,00%;;2
219;GTLG11;;R$ 99,99;23.0;R$ 0,70;0,70%;2,10%;4,20%;0,00%;0,70%;0,70%;0,00%;4,91%;-0,48%;0,22%;6,09%;R$ 666.861.902,66;R$ 92,97;108.0;0,75%;-0,57%;0,18%;-0,10%;;;0
220;RBRL11;Logística;R$ 97,44;6237.0;R$ 0,65;0,74%;2,31%;4,48%;9,27%;0,77%;0,75%;0,77%;5,13%;3,29%;4,06%;0,04%;R$ 723.196.552,96;R$ 108,15;90.0;0,60%;0,88%;1,48%;5,78%;0,00%;0,00%;6
221;RBRP11;Outros;R$ 61,73;31884.0;R$ 0,45;0,82%;2,32%;4,44%;8,20%;0,77%;0,74%;0,68%;5,10%;-4,92%;-4,14%;-18,13%;R$ 1.000.871.920,39;R$ 82,18;75.0;0,55%;0,28%;0,83%;2,36%;13,00%;6,00%;17
222;FLCR11;Títulos e Val. Mob.;R$ 97,93;947.0;R$ 1,15;1,16%;4,60%;8,67%;17,13%;1,53%;1,44%;1,43%;10,06%;-1,33%;-0,18%;9,77%;R$ 63.274.311,16;R$ 99,86;98.0;1,15%;-0,14%;1,01%;6,58%;;;0
223;RECT11;Híbrido;R$ 62,50;14629.0;R$ 0,50;0,83%;2,56%;4,87%;9,31%;0,85%;0,81%;0,78%;5,62%;6,64%;7,53%;-8,53%;R$ 806.023.791,96;R$ 94,34;66.0;0,53%;-2,01%;-1,48%;0,19%;15,10%;;8
224;RECR11;Títulos e Val. Mob.;R$ 92,99;68678.0;R$ 1,02;1,06%;3,89%;7,93%;14,78%;1,30%;1,32%;1,23%;8,95%;-3,74%;-2,72%;2,65%;R$ 2.523.788.855,81;R$ 95,45;97.0;1,07%;0,00%;1,07%;9,86%;;;0
225;RELG11;Híbrido;R$ 86,46;2912.0;R$ 0,95;1,19%;3,72%;6,75%;12,50%;1,24%;1,13%;1,04%;7,62%;3,92%;5,15%;7,41%;R$ 159.659.840,70;R$ 119,63;72.0;0,79%;-0,38%;0,41%;3,23%;10,40%;10,40%;3
226;ERPA11;;R$ 135,00;499.0;R$ 0,66;0,00%;0,00%;0,00%;0,00%;0,00%;0,00%;0,00%;;0,00%;0,00%;0,79%;R$ 58.204.304,27;R$ 116,19;116.0;0,23%;0,69%;0,92%;1,36%;;;0
227;RCRB11;Lajes Corporativas;R$ 137,95;4994.0;R$ 0,72;0,58%;1,71%;3,07%;6,58%;0,57%;0,51%;0,55%;3,92%;-1,71%;-1,14%;-1,10%;R$ 718.842.771,51;R$ 194,77;71.0;0,37%;0,04%;0,41%;1,25%;28,40%;;10
228;MBRF11;Outros;R$ 690,00;126.0;R$ 10,00;1,69%;5,17%;9,28%;16,21%;1,72%;1,55%;1,35%;11,85%;-1,36%;0,31%;-16,28%;R$ 113.821.070,31;R$ 1.119,58;62.0;0,89%;0,03%;0,93%;6,56%;0,00%;;2
229;ONEF11;Lajes Corporativas;R$ 162,51;324.0;R$ 0,92;0,57%;1,73%;3,48%;6,79%;0,58%;0,58%;0,57%;4,74%;1,11%;1,69%;24,24%;R$ 159.308.027,83;R$ 174,87;93.0;0,53%;0,02%;0,55%;3,72%;0,00%;;1
230;BLCA11;Lajes Corporativas;R$ 91,49;5.0;R$ 0,51;0,55%;1,60%;3,14%;0,00%;0,53%;0,52%;0,00%;3,14%;-3,69%;-3,16%;-3,68%;R$ 143.099.245,21;R$ 89,44;102.0;0,56%;-6,65%;-6,12%;-15,05%;0,00%;;1
231;CPFF11;Híbrido;R$ 72,59;5143.0;R$ 0,60;0,87%;2,61%;5,19%;10,19%;0,87%;0,86%;0,85%;6,18%;-0,76%;0,10%;2,93%;R$ 419.112.065,05;R$ 76,90;94.0;0,78%;-0,49%;0,29%;1,13%;;;0
232;RVBI11;Títulos e Val. Mob.;R$ 79,69;2384.0;R$ 0,75;0,98%;2,96%;5,82%;11,22%;0,99%;0,97%;0,93%;6,74%;1,95%;2,95%;0,81%;R$ 123.765.470,49;R$ 85,95;93.0;0,87%;-0,22%;0,65%;4,04%;;;0
233;CVBI11;Títulos e Val. Mob.;R$ 92,76;25598.0;R$ 1,00;1,03%;3,80%;7,47%;14,06%;1,27%;1,24%;1,17%;8,57%;-2,73%;-1,73%;4,14%;R$ 1.099.164.263,13;R$ 99,83;93.0;1,00%;0,12%;1,13%;8,88%;;;0
234;IBFF11;Títulos e Val. Mob.;R$ 66,40;1924.0;R$ 0,30;0,44%;2,01%;4,58%;9,52%;0,67%;0,76%;0,79%;5,42%;7,50%;7,98%;19,59%;R$ 48.361.846,89;R$ 72,54;92.0;0,69%;-1,95%;-1,28%;-0,61%;;;0
235;IBCR11;Títulos e Val. Mob.;R$ 89,75;3991.0;R$ 1,25;1,38%;4,12%;8,41%;0,00%;1,37%;1,40%;0,00%;9,96%;-2,58%;-1,23%;2,95%;R$ 93.170.093,40;R$ 97,21;92.0;1,29%;-1,07%;0,20%;6,84%;;;0
236;RBRY11;Títulos e Val. Mob.;R$ 103,89;7423.0;R$ 1,35;1,33%;3,94%;7,46%;13,52%;1,31%;1,24%;1,13%;8,53%;0,18%;1,51%;3,43%;R$ 401.515.245,72;R$ 102,43;101.0;1,22%;-0,88%;0,33%;2,29%;;;0
237;RBRF11;Títulos e Val. Mob.;R$ 75,58;20076.0;R$ 0,60;0,85%;2,71%;5,18%;10,03%;0,90%;0,86%;0,84%;6,01%;3,11%;3,99%;3,68%;R$ 1.149.405.774,49;R$ 84,02;90.0;0,71%;-1,84%;-1,14%;-0,44%;;;0
238;IRIM11;Híbrido;R$ 105,11;1291.0;R$ 1,65;1,61%;4,54%;8,60%;0,00%;1,51%;1,43%;0,00%;9,86%;-1,01%;0,59%;1,58%;R$ 130.503.385,72;R$ 100,39;105.0;1,14%;-0,40%;0,73%;2,13%;;;0
239;IRDM11;Títulos e Val. Mob.;R$ 101,43;59729.0;R$ 1,33;1,30%;3,81%;7,19%;13,74%;1,27%;1,20%;1,15%;8,18%;-2,98%;-1,72%;0,45%;R$ 3.149.582.133,20;R$ 95,31;106.0;1,39%;-1,66%;-0,29%;1,86%;;;0
240;GAME11;Híbrido;R$ 9,69;27409.0;R$ 0,13;1,32%;4,31%;8,00%;0,00%;1,44%;1,33%;0,00%;9,11%;-1,00%;0,30%;-1,39%;R$ 198.983.105,99;R$ 9,66;100.0;1,35%;-1,11%;0,22%;-98,91%;;;0
241;MGHT11;Hotel;R$ 75,25;269.0;R$ 0,80;1,23%;3,68%;6,60%;11,49%;1,23%;1,10%;0,96%;7,51%;1,31%;2,56%;-20,55%;R$ 113.860.987,10;R$ 86,67;87.0;0,90%;-10,30%;-9,49%;-7,85%;;;0
242;VGIA11;Títulos e Val. Mob.;R$ 10,20;338989.0;R$ 0,17;1,64%;4,58%;8,71%;0,00%;1,53%;1,45%;0,00%;9,93%;2,78%;4,47%;7,76%;R$ 95.747.517,22;R$ 9,51;107.0;1,58%;0,07%;1,65%;3,04%;;;0
243;VGIP11;Outros;R$ 91,19;51020.0;R$ 1,00;1,07%;4,26%;8,34%;16,25%;1,42%;1,39%;1,35%;9,61%;-5,63%;-4,62%;1,48%;R$ 1.076.770.309,25;R$ 91,35;100.0;1,09%;-0,82%;0,26%;6,06%;;;0
244;VGIR11;Títulos e Val. Mob.;R$ 100,75;35290.0;R$ 1,30;1,28%;3,78%;7,35%;12,23%;1,26%;1,23%;1,02%;8,43%;1,52%;2,82%;8,34%;R$ 729.972.953,61;R$ 96,42;104.0;1,35%;-0,19%;1,15%;4,42%;;;0
245;MCHF11;Títulos e Val. Mob.;R$ 9,60;100860.0;R$ 0,12;1,26%;3,68%;6,95%;0,00%;1,23%;1,16%;0,00%;8,04%;0,74%;2,01%;1,70%;R$ 312.636.898,43;R$ 9,68;99.0;1,24%;-1,04%;0,18%;-2,08%;;;0
246;MCCI11;Títulos e Val. Mob.;R$ 97,48;38792.0;R$ 1,10;1,13%;3,37%;6,36%;12,25%;1,12%;1,06%;1,02%;7,34%;-1,02%;0,10%;3,03%;R$ 1.411.454.086,46;R$ 96,71;101.0;1,14%;-0,83%;0,30%;3,12%;;;0
247;CPTS11;Títulos e Val. Mob.;R$ 89,93;51755.0;R$ 1,10;1,23%;3,63%;7,07%;13,39%;1,21%;1,18%;1,12%;8,20%;-1,53%;-0,32%;-0,08%;R$ 2.612.266.966,14;R$ 93,39;96.0;1,18%;-0,58%;0,59%;1,77%;;;0
248;GCRI11;Títulos e Val. Mob.;R$ 95,31;618.0;R$ 1,25;1,31%;4,25%;8,67%;15,50%;1,42%;1,45%;1,29%;9,89%;-1,94%;-0,66%;6,78%;R$ 98.377.736,44;R$ 98,35;97.0;1,50%;-1,03%;0,46%;1,67%;;;0
249;GCFF11;Títulos e Val. Mob.;R$ 73,00;1338.0;R$ 0,76;1,06%;3,23%;6,29%;11,81%;1,08%;1,05%;0,98%;7,22%;2,74%;3,83%;-4,31%;R$ 30.096.700,62;R$ 88,89;82.0;0,88%;-2,44%;-1,58%;-0,77%;;;0
250;MORE11;Títulos e Val. Mob.;R$ 71,54;6492.0;R$ 0,65;0,94%;3,30%;6,25%;11,57%;1,10%;1,04%;0,96%;7,17%;6,80%;7,80%;-2,33%;R$ 202.952.841,10;R$ 87,51;82.0;0,80%;-2,21%;-1,43%;-0,66%;;;0
251;MGCR11;Títulos e Val. Mob.;R$ 90,45;1805.0;R$ 1,35;1,57%;4,35%;7,99%;14,12%;1,45%;1,33%;1,18%;9,12%;0,30%;1,88%;6,84%;R$ 135.199.801,61;R$ 95,06;95.0;1,05%;-0,02%;1,04%;2,10%;;;0
252;NAVT11;Títulos e Val. Mob.;R$ 76,90;501.0;R$ 0,85;1,15%;3,50%;6,84%;11,97%;1,17%;1,14%;1,00%;7,87%;2,37%;3,56%;9,56%;R$ 95.026.051,40;R$ 90,11;85.0;0,94%;-0,93%;0,00%;0,82%;;;0
253;BLCP11;Outros;R$ 88,99;13.0;R$ 0,52;0,61%;1,76%;3,55%;6,62%;0,59%;0,59%;0,55%;4,19%;-0,05%;0,56%;10,73%;R$ 225.875.176,13;R$ 98,37;90.0;0,52%;-0,01%;0,51%;1,03%;6,20%;;2
254;AFHI11;Títulos e Val. Mob.;R$ 99,99;4815.0;R$ 1,30;1,31%;4,08%;8,01%;15,22%;1,36%;1,34%;1,27%;9,29%;-0,32%;0,98%;6,69%;R$ 173.824.946,40;R$ 97,24;103.0;1,39%;0,44%;1,83%;3,20%;;;0
255;OUFF11;Títulos e Val. Mob.;R$ 67,57;8491.0;R$ 0,75;1,15%;3,47%;6,65%;12,32%;1,16%;1,11%;1,03%;7,69%;2,54%;3,72%;7,68%;R$ 139.833.493,16;R$ 77,07;88.0;0,97%;-0,63%;0,33%;3,08%;;;0
256;OURE11;Títulos e Val. Mob.;R$ 80,50;1547.0;R$ 1,15;1,42%;4,22%;7,47%;14,42%;1,41%;1,25%;1,20%;8,34%;0,27%;1,70%;1,91%;R$ 99.254.299,76;R$ 92,15;87.0;1,25%;-0,67%;0,57%;6,35%;;;0
257;CORM11;Híbrido;R$ 81,00;412.0;R$ 0,77;0,90%;2,76%;5,35%;11,38%;0,92%;0,89%;0,95%;6,20%;-2,97%;-2,10%;-4,27%;R$ 92.123.992,72;R$ 90,56;89.0;0,89%;-2,33%;-1,45%;0,21%;;;0
258;TRNT11;Lajes Corporativas;R$ 116,30;26.0;R$ 0,30;0,26%;1,07%;2,18%;4,21%;0,36%;0,36%;0,35%;2,53%;2,69%;2,96%;8,43%;R$ 796.883.036,16;R$ 202,48;57.0;0,25%;0,01%;0,26%;0,65%;49,90%;;1
259;BRLA11;Híbrido;R$ 137,62;1.0;R$ 1,09;0,79%;1,50%;3,62%;6,30%;0,50%;0,60%;0,52%;4,28%;0,00%;0,79%;4,36%;R$ 343.097.427,78;R$ 158,19;87.0;0,78%;-12,35%;-11,67%;-10,88%;;;0
260;ARCT11;Híbrido;R$ 100,69;14246.0;R$ 1,02;1,00%;3,79%;8,74%;16,82%;1,26%;1,46%;1,40%;10,11%;-4,84%;-3,89%;3,29%;R$ 288.419.391,70;R$ 100,20;100.0;1,64%;0,23%;1,87%;3,40%;;;4
261;RZAK11;Títulos e Val. Mob.;R$ 99,34;18859.0;R$ 1,50;1,52%;5,03%;9,47%;16,17%;1,68%;1,58%;1,35%;10,83%;0,23%;1,75%;15,59%;R$ 282.821.145,09;R$ 94,22;105.0;1,27%;0,35%;1,63%;3,03%;;;0
262;AFOF11;Títulos e Val. Mob.;R$ 89,96;1673.0;R$ 1,06;1,21%;3,59%;7,00%;12,92%;1,20%;1,17%;1,08%;8,07%;-1,47%;-0,28%;4,74%;R$ 67.881.547,92;R$ 98,21;92.0;1,08%;0,78%;1,87%;4,64%;;;0
263;BLMC11;Outros;R$ 86,00;156.0;R$ 1,17;1,37%;3,98%;7,52%;13,98%;1,33%;1,25%;1,16%;8,64%;-1,71%;-0,37%;-5,14%;R$ 39.210.716,39;R$ 98,15;88.0;1,11%;-0,01%;1,10%;2,07%;;;0
264;RECX11;Outros;R$ 75,45;39.0;R$ 0,80;1,12%;2,91%;5,81%;11,88%;0,97%;0,97%;0,99%;6,86%;-8,11%;-7,08%;-19,38%;R$ 18.909.897,31;R$ 86,62;87.0;0,92%;-1,55%;-0,64%;0,48%;;;0
265;SNFF11;Títulos e Val. Mob.;R$ 86,78;7058.0;R$ 0,65;0,71%;2,94%;5,25%;9,65%;0,98%;0,88%;0,80%;5,99%;3,41%;4,14%;10,93%;R$ 228.274.891,17;R$ 91,31;95.0;0,71%;-1,06%;-0,35%;0,35%;;;0
266;SNCI11;Títulos e Val. Mob.;R$ 100,94;19172.0;R$ 1,25;1,23%;3,82%;7,78%;0,00%;1,27%;1,30%;0,00%;9,12%;-2,08%;-0,88%;6,80%;R$ 252.128.060,08;R$ 100,85;100.0;1,29%;1,92%;3,24%;5,89%;;;0
267;MATV11;Títulos e Val. Mob.;R$ 95,99;177.0;R$ 1,10;1,13%;3,80%;7,58%;0,00%;1,27%;1,26%;0,00%;8,71%;-2,67%;-1,57%;7,94%;R$ 33.257.502,10;R$ 95,77;100.0;1,36%;-1,92%;-0,59%;0,53%;;;0
268;BTLG11;Logística;R$ 102,49;62162.0;R$ 0,74;0,73%;2,27%;4,37%;8,50%;0,76%;0,73%;0,71%;5,07%;3,89%;4,64%;4,61%;R$ 1.504.876.179,16;R$ 98,82;104.0;0,73%;-0,22%;0,51%;1,24%;;2,00%;16
269;MCHY11;Títulos e Val. Mob.;R$ 107,49;8.0;R$ 1,40;1,29%;3,82%;7,51%;13,12%;1,27%;1,25%;1,09%;8,68%;1,06%;2,36%;6,97%;R$ 378.460.842,38;R$ 105,43;102.0;1,33%;0,72%;2,06%;7,10%;;;0
270;BTAL11;Outros;R$ 100,64;17428.0;R$ 0,83;0,87%;2,59%;5,11%;10,20%;0,86%;0,85%;0,85%;5,95%;3,12%;4,01%;8,01%;R$ 640.913.930,58;R$ 107,13;94.0;0,77%;3,32%;4,12%;6,31%;;;7
271;MORC11;Títulos e Val. Mob.;R$ 95,30;1580.0;R$ 1,30;1,36%;4,29%;8,71%;0,00%;1,43%;1,45%;0,00%;9,82%;-2,39%;-1,07%;5,67%;R$ 78.429.486,55;R$ 100,56;95.0;1,49%;-0,28%;1,21%;2,33%;;;0
272;CCRF11;Títulos e Val. Mob.;R$ 95,13;42.0;R$ 1,10;1,11%;3,77%;7,30%;0,00%;1,26%;1,22%;0,00%;8,65%;-0,02%;1,09%;7,97%;R$ 159.364.709,06;R$ 101,38;94.0;1,18%;1,36%;2,56%;4,87%;;;0
273;EQIR11;Títulos e Val. Mob.;R$ 95,00;3.0;R$ 1,10;1,15%;3,52%;6,80%;0,00%;1,17%;1,13%;0,00%;7,87%;-1,00%;0,13%;5,94%;R$ 50.869.350,45;R$ 101,23;94.0;1,19%;-0,70%;0,47%;2,94%;;;0
274;ERCR11;Híbrido;R$ 76.000,00;1.0;R$ 783,96;0,00%;0,00%;0,00%;0,00%;0,00%;0,00%;0,00%;;0,00%;0,00%;0,00%;R$ 166.082.499,49;R$ 69.900,04;109.0;1,08%;-0,85%;0,22%;2,28%;;;0
275;XPML11;Shoppings;R$ 103,69;33284.0;R$ 0,70;0,68%;2,12%;4,19%;7,96%;0,71%;0,70%;0,66%;4,83%;10,98%;11,73%;15,63%;R$ 1.853.519.855,76;R$ 99,22;105.0;0,70%;0,00%;0,70%;1,20%;3,90%;;16
276;FCFL11;Outros;R$ 121,72;91.0;R$ 0,87;0,74%;2,21%;4,37%;8,67%;0,74%;0,73%;0,72%;5,09%;4,99%;5,76%;9,03%;R$ 363.962.873,44;R$ 104,77;116.0;0,84%;-0,01%;0,82%;2,47%;0,00%;;1
277;ALZR11;Logística;R$ 117,23;11243.0;R$ 0,78;0,67%;2,04%;4,06%;7,68%;0,68%;0,68%;0,64%;4,69%;3,33%;4,02%;5,71%;R$ 642.298.148,70;R$ 108,46;108.0;0,71%;-0,05%;0,67%;1,34%;0,00%;;15
278;FLRP11;Shoppings;R$ 1.579,99;15.0;R$ 10,00;0,63%;2,33%;4,70%;8,08%;0,78%;0,78%;0,67%;5,37%;5,48%;6,14%;38,89%;R$ 112.693.577,60;R$ 1.727,58;91.0;0,58%;0,48%;1,06%;3,30%;2,01%;;1
279;CNES11;Lajes Corporativas;R$ 35,43;87.0;R$ 0,10;0,26%;0,83%;1,49%;3,62%;0,28%;0,25%;0,30%;1,88%;9,28%;9,57%;9,97%;R$ 257.461.125,79;R$ 87,30;41.0;0,11%;0,84%;0,95%;1,16%;56,70%;;1
280;BTRA11;Outros;R$ 87,00;8717.0;R$ 0,70;0,74%;2,46%;5,21%;10,20%;0,82%;0,87%;0,85%;6,12%;17,36%;18,23%;2,45%;R$ 348.490.615,97;R$ 103,58;84.0;0,68%;0,25%;0,93%;3,63%;;;0
281;EDGA11;Lajes Corporativas;R$ 20,38;2911.0;R$ 0,09;0,47%;2,12%;4,51%;7,21%;0,71%;0,75%;0,60%;4,99%;8,99%;9,50%;-4,41%;R$ 252.351.519,37;R$ 66,20;31.0;0,26%;-0,06%;0,20%;0,36%;48,81%;;1
282;LASC11;Shoppings;R$ 92,00;3.0;R$ 0,36;0,39%;1,46%;3,26%;6,79%;0,49%;0,54%;0,57%;4,48%;0,00%;0,39%;6,89%;R$ 282.238.377,82;R$ 112,08;82.0;0,56%;-0,16%;0,40%;1,92%;2,40%;;3
